{"AEGIS-aegis_293": [1.247197210615103, 2.273686396946039, -2.003030739850293, 3.016062228815721], "COSMOS-699": [1.1529100449527871, 1.4555041415317327, -2.0006002220693553, 3.0053591728647833], "CDFN-339": [1.1978991154290743, 0.6707542040456815, -2.00004746872078, 2.9999387335890186], "COSMOS-1419": [1.0466026966843187, 0.9641285253679195, -2.0001043262342826, 2.9979961541631384], "CDFN-567": [1.0922032099528107, 1.1054380394280372, -1.9994128658503136, 2.9955687605773647], "CDFN-364": [1.211130452331577, 1.5377148916738306, -1.998115210768353, 2.9959784193971988], "CDFN-68": [1.1679153299745169, 1.4496323298058285, -1.9983324708270742, 3.017107334113324], "CDFS7Ms-477": [1.1479780716639811, 0.29909772255843387, -1.9961499034016867, 2.996136606527198], "COSMOS-304": [1.053348436937071, 1.3186607343906647, -1.9976583330614068, 2.9864911006765196], "COSMOS-524": [1.080626575857575, 1.3465574535662659, -1.998555659888087, 2.989800530026964], "CDFN-550": [1.1339695789590176, 0.8647185879581021, -2.001130346790085, 3.000983478627208], "CDFN-454": [1.2653164125017677, 0.8596622986372202, -2.0140528045192294, 3.013449019522969], "CDFN-614": [1.3121079313309028, 0.5162655689183259, -2.322124430892919, 3.3219394598889145], "CDFN-7": [1.0920345458004104, 1.4784074227240978, -2.000376910383921, 3.003818378815989], "CDFN-4": [1.159703751997692, 1.4132683597624038, -2.0005750609950326, 3.005885469049118], "COSMOS-654": [1.0910053120510115, 1.6708291792963608, -1.9993888663795785, 3.023864138081473], "CDFN-156": [1.0792018054443928, 1.22447756160645, -1.9989235259020028, 2.9969573294039695]}