{"AEGIS-aegis_227": [1.02067909847149, 1.454575984021088, -1.9997817918478318, 3.0162256208091947], "CDFN-304": [1.14478414598977, 1.8425498521626476, -1.995480980766649, 3.0157245930119854], "COSMOS-1470": [1.1910359693068415, 1.1492639399399842, -2.0002251818227106, 3.0006450002823666], "AEGIS-aegis_573": [1.166863667132287, 0.9719871983652533, -2.0009212177192492, 3.000633808834344], "AEGIS-aegis_493": [1.075194607191367, 0.7991482390051123, -1.9929110227254019, 2.9923172117749512], "COSMOS-638": [1.0265236536037818, 1.1050649761187028, -1.9969036687807442, 2.9968143524710364], "CDFS7Ms-158": [11.259114187731285, 1.0362403128036617, -0.20110085398753158, 1.2010220806727974], "COSMOS-718": [1.358971544097281, 0.4481097614381174, -2.442443300193347, 3.442324947105848], "COSMOS-904": [1.2438329171673481, 1.8571159038749232, -2.0004371582988285, 2.9898293234813114], "CDFN-340": [1.4954730043188633, 0.7880465326963726, -2.0151665713748677, 3.013045681281014], "COSMOS-189": [1.152672179899115, 1.4800479787117045, -1.9995032518866083, 2.9863295477925065], "CDFN-153": [1.1668891290398975, 0.8172492502189719, -1.999357813467402, 2.9987798618791595], "AEGIS-aegis_274": [1.4757761491255041, 1.7404264078235938, -2.0236824061168512, 3.019335958323407], "AEGIS-aegis_524": [1.2338745629128958, 1.7146306858247011, -2.005082658116925, 3.0031056507113427], "CDFS7Ms-296": [1.4154188944934565, 1.4709562888987582, -2.005517247914715, 3.0055673704234867], "COSMOS-243": [1.3644366158554577, 2.342824784299075, -2.0041571507795464, 3.053353012102755], "AEGIS-aegis_432": [1.0580304364129347, 0.5873069864234763, -2.00022540174579, 2.9998952656386053], "COSMOS-817": [1.0890536403856061, 1.4476170100676993, -1.9976069956452744, 2.9946443608666073], "CDFN-445": [1.1404585292569616, 0.3583534763616124, -2.4656726600904246, 3.4641983519285025], "COSMOS-714": [0.9380630953694216, 0.528647494616725, -1.9914480938505374, 2.9912750389342344], "CDFS7Ms-049": [1.3850198571096275, 1.1716230679145272, -2.0056259515199235, 2.0481141414977095], "COSMOS-764": [1.058254959454226, 1.6282202944220994, -1.9995687033454874, 3.0137521406006837], "CDFN-135": [1.1291701455281384, 1.3275527966112195, -1.9973421059497705, 2.979715836785726], "CDFN-592": [1.168108647356608, 1.6988759348880444, -2.000381408020052, 3.0045335800341686], "COSMOS-538": [1.147653882465119, 1.7154674285700637, -1.9989221816000202, 3.009895460806985], "AEGIS-aegis_204": [1.181751592814516, 0.8760924746125495, -2.001356488816109, 3.000824556928955], "CDFN-246": [1.2396061855572427, 1.534991917785348, -2.001153119281552, 2.9733148702936214], "COSMOS-1648": [1.0563936068781241, 1.4889149760513711, -1.9983160826873547, 2.999664536052226], "CDFS7Ms-254": [1.1491414275148566, 2.0208600962762064, -1.9996297205629983, 2.906090760873273], "CDFN-473": [1.1200941857015998, 1.543797347575556, -1.9964369979320107, 3.0047235764323705], "COSMOS-819": [1.0732826272001224, 0.7593159013896085, -2.0156650642997445, 3.0153708387449782], "COSMOS-770": [1.0729003744490988, 0.9448409233623505, -1.999242962244495, 2.994844316000532], "CDFN-52": [1.2403260848127773, 2.1453569116542694, -2.001595963910562, 3.0464971533537195], "CDFN-466": [1.1536500632179063, 1.4726720853513755, -2.00006886174097, 2.968592916673801], "COSMOS-807": [1.1653792347703789, 1.0354745547249844, -1.9967249642638443, 2.9915014005471736], "AEGIS-aegis_498": [1.1288437736005634, 1.464722252102602, -2.0005750943477794, 3.0070800704318605], "COSMOS-1552": [1.1118838323055227, 1.3424000104422982, -1.9978231754821905, 2.9993298534452806], "CDFN-668": [1.1070926135492272, 1.5618309164948614, -1.9996527521113818, 3.0201548387390327], "COSMOS-902": [1.2594114023390501, 0.7265976928507496, -2.0226153896939554, 3.021053387569232], "CDFN-516": [1.1818501211006065, 0.969936226127858, -2.00275935633039, 2.994685200069415], "AEGIS-aegis_639": [1.0110632186427488, 1.2167934573132182, -1.999541126672745, 2.9917723035093893], "COSMOS-1582": [1.26285683500405, 0.3849433777246354, -2.3686314492190705, 3.368589434971279], "COSMOS-1457": [1.0596534000024695, 1.266843707803621, -1.9954563197265334, 2.995001686650353], "CDFN-346": [1.1832658760190577, 0.7741679138371624, -2.0045755363716866, 3.0040012456399237], "COSMOS-1529": [1.0903544302690278, 1.5369718579641585, -1.9988874709875843, 3.0112615042692195], "CDFS7Ms-420": [0.9868659165713777, 1.416783478781995, -1.9962820812455715, 2.9855702792616174], "CDFN-471": [1.1118968790485062, 1.6957052919144848, -2.0001186101712034, 2.9852384651854393], "COSMOS-1415": [1.0653931247730333, 0.6586864824335157, -1.9986159584536716, 2.9970531471709974], "AEGIS-aegis_155": [1.0537810207284286, 1.0415296111948087, -2.0000487625446906, 2.999229982488946], "CDFN-399": [1.1380106492578608, 1.1492559263525806, -2.0005566401640342, 2.9944625593632677], "CDFN-277": [1.1486348258025239, 1.8463277306029564, -1.9977596702160767, 3.017788688078826], "CDFN-552": [1.0619904549524908, 1.3772494789737213, -1.9978265360206309, 2.960266647615645], "COSMOS-1562": [1.0630898411324612, 0.9194868861633367, -1.9976829939407197, 2.997310611634303], "COSMOS-760": [1.0655547961592609, 1.2570066615883022, -1.9892021572256684, 2.9757018559354353], "AEGIS-aegis_768": [1.1999215617523782, 1.4990971185941269, -2.0002858403821464, 3.0060531447646053], "COSMOS-1604": [1.0605805325212212, 0.9399635129347562, -1.9966997887771858, 2.9964222343556934], "CDFN-75": [1.1184506077607386, 1.6425391321863254, -1.9939851874003949, 2.993062737618679], "COSMOS-1612": [0.970489920188853, 1.235978837174771, -1.9961699721862625, 2.981557168278224], "CDFN-436": [1.1543603938096028, 1.6811015987181863, -1.9989455710092883, 3.0233200355403875], "CDFN-607": [1.2648847360227922, 1.5034213000847947, -2.003084396037109, 2.9829981426283334], "AEGIS-aegis_092": [1.131989950428546, 1.3300698285207713, -1.9901075662519758, 2.9648391876618643], "CDFN-272": [1.1669363442274148, 1.8201294107333081, -1.9988031450678987, 3.0137617275682675], "CDFN-258": [1.2831969883299843, 0.8265314241691726, -2.0147227813010513, 3.0142640018657447], "COSMOS-465": [1.183807547012673, 1.8325225840569024, -2.000031313182399, 3.02696345403586], "AEGIS-aegis_473": [1.0149261946755435, 1.0231024510873317, -1.9992128388398405, 2.994284922106213], "AEGIS-aegis_567": [53.403554349518586, 0.8251296432687864, -21.57976724870737, 22.57920541808409], "CDFS7Ms-113": [1.2716350640059297, 2.514322020686906, -2.0034951669221615, 2.7949072151987986], "COSMOS-586": [1.158693487261091, 0.7948182182367893, -1.9957038856867984, 2.994172636341588], "COSMOS-649": [1.133674175422719, 1.4959169954892415, -2.0001651612888036, 2.987787885303828], "CDFS7Ms-204": [1.1496515014292914, 1.4953281194492172, -1.99935523326053, 3.0198148895776145], "CDFN-375": [1.104874424083647, 0.409647749131793, -1.999446777835713, 2.9989572053454703], "AEGIS-aegis_844": [1.0873647413539327, 1.2032664960523443, -1.9998062788955355, 2.9823825814591136], "CDFN-306": [1.0927608977039749, 1.478045725795091, -1.9980457945516936, 2.996671551146374], "COSMOS-1417": [148.37525985764086, 1.1087467299531473, -21.178793303320838, 22.17860486870385], "AEGIS-aegis_540": [108.02095675324719, 0.8437667626850562, -34.59784456927074, 35.59778540273054], "CDFN-444": [1.2071261503915454, 2.1769681450429363, -2.0001484089687356, 2.837141501887793], "CDFN-237": [1.2398874110849394, 1.9778169320479222, -1.999764019934955, 3.0239145167332193], "CDFN-149": [1.1310201237296529, 1.2723984004819267, -1.99522775359136, 2.991761155486947], "COSMOS-1481": [1.2029338614721619, 1.5352080891016389, -2.001696657181877, 3.0011207988056494], "CDFN-451": [0.9867702798750874, 0.9079525713712955, -1.9993502825487686, 2.9908467543363684], "CDFN-618": [1.2766655486352207, 0.9893917590602938, -2.0078877293943886, 3.005825334267076], "CDFN-631": [1.3014413139524068, 0.8923888075501131, -1.9997689990268777, 2.999451963521301], "COSMOS-49": [1.1883252471626702, 2.650846896544782, -2.0001597816809333, 2.9011204792712206],