{"CDFN-642": [1.0945552807692693, 0.9527417944394638, -1.99965715342507, 2.9964195003697727], "CDFS7Ms-345": [1.1264069607508018, 1.148939060603554, -1.99440317463623, 2.993056881435879], "CDFN-224": [0.9951860998183574, 1.1350887433910777, -1.9985867053325133, 2.9985123408831478]}