{"AEGIS-aegis_227": [1.0484792398207041, 0.9231078426635189, -2.003766128074619, 3.0027418236580314], "CDFN-304": [1.150265875341181, 1.4376168146201982, -1.9973803130485253, 2.9824783343999126], "COSMOS-1470": [1.0543198895386432, 0.7992142582932502, -1.9934513898691113, 2.992766663128513], "AEGIS-aegis_573": [1.0649667960823561, 1.0774961874104718, -1.9926674991236997, 2.987168940285672], "AEGIS-aegis_493": [1.2181885260845104, 0.938063745422911, -2.0040572766608964, 3.0035164785317887], "COSMOS-638": [1.1237583345862086, 1.1486666412036377, -2.0007758450158164, 3.0000384863957814], "CDFS7Ms-158": [1.0505768593667097, 1.2390622674313363, -1.9938258607005699, 2.990205597566623], "AEGIS-aegis_269": [1.0959662074280438, 1.1101928019523375, -1.998378816828911, 2.9958736778643984], "CDFN-258": [1.1130064250068767, 0.6516938050582284, -1.9985086748374554, 2.9973092442657876], "CDFN-340": [1.0090609479493389, 1.1233286988945548, -1.9986392859997237, 2.9986845578383843], "COSMOS-189": [1.0082281628638077, 1.1704507862254543, -1.9997602439632987, 2.9981917437935945], "CDFN-153": [1.1790713000916517, 0.9304856832166015, -2.0016622246644733, 3.0001270248426124], "AEGIS-aegis_274": [1.1192333131102241, 0.9624910337046549, -2.0023490819907126, 2.9979980832375506], "AEGIS-aegis_524": [1.1843796474056094, 0.9924252200210981, -1.9994782798329314, 2.9991840386980844], "CDFS7Ms-296": [1.1408327442733486, 1.3123063958103223, -1.9992993443526972, 2.9975037567382805], "COSMOS-243": [1.0616406643507286, 1.3061089192825768, -1.999959610449118, 2.994770811139619], "AEGIS-aegis_432": [1.0347249279855337, 1.0186155792686202, -1.9944350726598967, 2.9919024669207213], "COSMOS-817": [1.0329158344452636, 1.150075650495333, -1.99963397016346, 2.999159235828166], "CDFN-445": [1.3142202001065306, 0.7284352396751581, -2.0252940683875327, 3.023833095603191], "COSMOS-714": [1.15723272387201, 0.9449356423661288, -2.007849745921561, 3.007461423229456], "CDFS7Ms-049": [1.2858662974145538, 1.8409116124775837, -2.0039799655045885, 2.5875484022592796], "COSMOS-764": [1.1579993597718565, 1.1078345757177166, -1.9971534915648474, 2.9973592688079775], "CDFN-135": [1.0464941911627932, 1.2480170507842019, -1.9991088959423253, 2.9975512788513172], "CDFN-592": [1.111265117879809, 1.2092848557625264, -1.999741535015521, 2.9953539857294293], "COSMOS-538": [1.1268574707492434, 1.3874823506999983, -1.991044967651805, 2.9712764544394252], "AEGIS-aegis_204": [1.0584572033868802, 0.9845333786910954, -1.994719527581738, 2.9941771849189274], "CDFN-246": [1.16210071331562, 1.3793720751707232, -2.0003315848277516, 2.9928654877263074], "COSMOS-1648": [1.1191608905049955, 1.108573173525492, -1.997654605411908, 2.9976818788422177], "CDFS7Ms-254": [1.1205641277008667, 1.5067299192770456, -1.997370874769108, 3.001440079999862], "CDFN-473": [1.0217438294830827, 1.391324216691384, -1.9996583860480022, 3.006543945634669], "COSMOS-718": [1.0794532799971608, 1.1367032830229304, -1.9794071847179566, 2.9799017587384355], "COSMOS-819": [38.596068765342224, 0.6512664059239694, -24.39527028998392, 25.395068233518472], "COSMOS-770": [1.0475135433406757, 0.9565191765905763, -1.999814701539518, 2.999259784460756], "CDFN-52": [1.0524705640536343, 1.2227019907449692, -1.9969089168869028, 2.996540337564578], "CDFN-466": [1.0708631969829958, 1.0773146459235103, -1.9997077326397976, 2.9969254506360015], "COSMOS-807": [1.11881911565487, 0.9853835756870879, -2.00148668071323, 3.000889473028285], "AEGIS-aegis_498": [1.0753393748430016, 1.218362158543402, -1.9989484422750299, 2.9969610211961806], "COSMOS-1552": [1.1115007027304071, 1.217162135753119, -2.0002055669012906, 3.000783242921492], "CDFN-668": [1.03575087854691, 1.1259149759903846, -1.998625185593702, 2.998620139405442], "COSMOS-902": [1.2614385639545393, 0.961831548549598, -2.0046715565639976, 3.003260273832507], "CDFN-516": [1.190268386380085, 0.7938847046847484, -1.9994558292110864, 2.998491934734633], "AEGIS-aegis_639": [0.9831381622813924, 0.9892283561452353, -1.9979989142644086, 2.9939882839487146], "COSMOS-1582": [1.125369963009487, 0.9643049619940163, -1.997158540474913, 2.9954919946069936], "COSMOS-1457": [1.0436124346848767, 1.0575724683297647, -1.9991951867660278, 2.99932460519335], "CDFN-346": [1.043279021756999, 1.1693126258589968, -1.9975964376346673, 2.9973069984610987], "COSMOS-1529": [1.1507236709483635, 1.027834925331467, -2.0013414423278717, 3.000073552626815], "CDFS7Ms-420": [1.0225941562284682, 1.0018325189855668, -1.9983863259755477, 2.9968251537538024], "CDFN-149": [0.9945342543440235, 0.8805991264813858, -1.9985028998084569, 2.9975262702648457], "COSMOS-1415": [1.1303866910305964, 0.9786047493452434, -1.9994859670270317, 2.9975934870566023], "AEGIS-aegis_155": [1.035625903028906, 0.916949445797982, -1.9971679689717718, 2.996517147980967], "CDFN-399": [0.9914085652183485, 0.9998032871411076, -1.999409169892919, 2.9940060420937025], "CDFN-277": [1.0740878144657402, 1.1569654673274006, -1.9954923832511637, 2.988889903710434], "CDFN-552": [1.0363853819889128, 1.0169366274706433, -2.000060808290588, 2.9958306504238097], "COSMOS-1562": [1.3248064173624359, 0.9990904841861439, -2.014076045042591, 3.012791138662077], "COSMOS-760": [1.0086686852290547, 1.1563433179625044, -1.9992992716182965, 2.9969977856065713], "AEGIS-aegis_768": [1.1115028095752197, 1.3430462081172498, -1.9997932604769533, 3.0039950013565018], "COSMOS-649": [1.0353270827319272, 1.0905207555348426, -1.999607736585229, 2.9969387969927954], "CDFN-75": [1.1626757190916344, 1.3715954104023091, -2.0021777867761266, 3.0044224021009907], "COSMOS-1612": [1.1596259469878287, 0.9687826978159717, -2.0002138351701513, 3.0000110069096184], "CDFN-436": [1.176467255297275, 0.6766909230899654, -2.0073901607293254, 3.0062326296120236], "CDFN-607": [1.083074407109755, 1.537485654576595, -1.9995958626810029, 3.0021733462102342], "AEGIS-aegis_092": [1.0661653196654504, 1.4136861943553556, -1.9984949175900208, 2.991624361828623], "CDFN-272": [1.1059068891765413, 1.195909303566229, -2.000122691140276, 2.9884797042074958], "COSMOS-904": [1.1247474921283558, 1.4335307138065927, -2.0003772505623774, 3.0028980067722726], "COSMOS-465": [1.0751969034416176, 1.4750937901873862, -1.999714056919481, 2.9763172909852944], "AEGIS-aegis_473": [1.107448104922163, 0.9515933081691961, -2.0006657330245257, 2.9962095109671836], "AEGIS-aegis_567": [1.0513253751945006, 0.9902696978305603, -1.9974900051634186, 2.997388551798771], "CDFS7Ms-113": [1.044580408874502, 1.2217718175109993, -1.9972593753104948, 2.9921306089387762], "COSMOS-586": [1.060656117112949, 1.3682934381927419, -1.99792252978519, 3.0009435084005323], "COSMOS-1604": [1.1322845279572322, 1.060677494927373, -1.9973605790468567, 2.9957042700976717], "CDFS7Ms-204": [1.0388357958806842, 1.2866724068037456, -1.9981391523508931, 3.0013985165148998], "CDFN-375": [1.2129518803741934, 0.7001196305388406, -1.997242524113688, 2.9947467414607254], "AEGIS-aegis_844": [1.100747234471473, 1.1030001170709058, -2.0001135543163433, 2.9940803182649334], "CDFN-306": [1.0613367229853448, 1.2665562402233244, -2.0000601248895125, 3.0002784472045025], "COSMOS-1417": [1.0888697048947495, 1.3530327259550674, -1.9996134871317128, 2.9856848784420063], "AEGIS-aegis_540": [0.9968875700462545, 1.0359907213907609, -1.998207912362777, 2.997149739268625], "CDFN-444": [1.1697450081274017, 1.5044743147937956, -1.996000988250446, 2.9455012855444513], "CDFN-237": [1.003334727733128, 1.3200722811919525, -1.9993456435620978, 3.002016099828368], "CDFN-471": [1.1111170672834831, 1.4502307748523848, -1.9968738592568898, 3.010265820438012], "COSMOS-1481": [1.198957421909291, 1.1660885155240357, -1.9914089508582509, 2.9891024285613543], "CDFN-451": [1.0782624305451691, 1.0497181345252238, -1.9977006464542462, 2.9875761712784623], "CDFN-618": [1.2603845380746355, 0.9346900672936139, -2.0148890086216342, 3.01395019736056],