{"AEGIS-aegis_293": [1.2171971930998748, 1.5996083339125955, -2.0010980291717417, 2.9987363973379684], "COSMOS-699": [0.991007429607197, 1.2075108307986844, -1.997348038406444, 2.9938049604994688], "CDFN-339": [1.0774168116816387, 1.1115277067189206, -1.992964413583624, 2.9930437641574295], "COSMOS-1419": [1.1486047841657059, 0.7602209732498264, -2.0290709828462146, 3.0280533055454377], "CDFN-567": [0.9766065502793074, 1.032262063284963, -1.9950660404781515, 2.990420064865731], "CDFN-364": [1.135121837653886, 1.5467782810640842, -2.0000196095457925, 2.9916015911936165], "CDFN-68": [0.9512765235387544, 1.0337389601817533, -1.9996823387642315, 2.998310057429875], "CDFS7Ms-477": [1.1798423739335309, 0.7995202507505854, -2.0019282444575355, 3.001135014333022], "COSMOS-304": [0.9760634832578348, 1.1239347904442276, -1.9956520140455054, 2.9888286723810307], "COSMOS-524": [0.9991147833062768, 1.1844827406823213, -1.998866428092883, 2.998167064102365], "CDFN-550": [1.0596081167467122, 0.977801036991186, -1.9994738326023083, 2.9924000332864265], "CDFN-454": [1.1370346641861806, 0.7936477188707904, -1.999532754786709, 2.9993792991343424], "CDFN-614": [1.0476810956145237, 0.8109651099534818, -1.9978137801625895, 2.9973715988127063], "CDFN-7": [1.1165784189113177, 1.3461481391113734, -1.9954199976179343, 2.998324883991243], "CDFN-4": [1.0197987265877688, 1.1402651975128726, -1.9971354925490856, 2.9976701592540484], "COSMOS-654": [1.124073995621822, 1.2873248324901754, -1.9979552251258146, 2.9986546408850754], "CDFN-156": [1.1838691814694784, 1.2303284642316323, -2.0024698978200783, 3.0019555309372956]}