{"CDFN-642": [1.2307507447448853, 1.006611524025145, -2.007838233526387, 3.0072743286429646], "CDFS7Ms-345": [1.0762896998241835, 1.0293438917178288, -1.9952418686739881, 2.9940332486534595], "CDFN-224": [1.1019297703984772, 1.1296715446346375, -1.998920024353025, 2.997094087728717]}