{"COSMOS-199": [4951.429517055483, 2.62853893323246, -2032.154201344542, 2033.1732364938416], "COSMOS-1409": [1.1885986130649515, 2.2068622988697646, -1.9990111911925137, 2.998396136304698], "COSMOS-294": [163459624.68934578, 4.047360598656226, -37576915.2302693, 37576915.74314089], "COSMOS-342": [1.4483158658634534, 2.254616046153995, -2.0120019661654887, 2.7781906491411177], "COSMOS-522": [1.2225192285444335, 2.0660764583692854, -2.003178424104515, 3.018237145771864], "AEGIS-aegis_368": [1.494554776105594, 2.1405161114193128, -2.0113378924317997, 2.7508924150790306], "CDFN-360": [1.4817546297409583, 1.5626298292813425, -1.9988916502788947, 2.2582515419218985], "COSMOS-400": [1.1624341866886712, 0.870674715491946, -1.9996667502755407, 2.943817597653085], "COSMOS-41": [1.6572767987177341, 1.580176657522108, -2.080619706944514, 3.044309827947083], "COSMOS-352": [1.3552501085936837, 1.284248851818628, -2.0095800390795313, 2.9864802512878343], "CDFN-29": [4837040.167030168, 5.597373700601868, -613051.6635257283, 613051.8060670372], "AEGIS-aegis_815": [2.4879733864116993, 1.7815667009272929, -2.368096162471371, 3.2625386414190984], "COSMOS-3": [1.7344013941907463, 1.9851601972632102, -2.0576801692298794, 3.065088461202091], "COSMOS-414": [1.105057090771028, 2.207266506261808, -1.999451876562524, 2.419187280738539], "COSMOS-305": [2.8584072100705753, 2.236626293162934, -2.4062558091628548, 3.279256365610805], "COSMOS-844": [1.1441013208504889, 1.729865083164346, -1.9994992872577457, 2.4678557293921126], "COSMOS-398": [1.2811534452773885, 1.5148494318862449, -1.990561791172294, 2.9825046012376455], "COSMOS-466": [1.3066626740237792, 1.8162350224287995, -2.0012348326939953, 2.939449897853901], "COSMOS-528": [1.5337275429528248, 1.2912199670088906, -2.0374078337025727, 3.015645201315613], "COSMOS-393": [1.1931323110669187, 2.2241329836284454, -1.9961106707093204, 2.481360056339226], "COSMOS-351": [1.1590123640492251, 1.334824566985289, -2.0000029481944956, 2.997262472211565], "AEGIS-aegis_409": [2.725653333939455, 2.871180016837654, -2.279285730423942, 3.2456511904091823], "COSMOS-869": [1.2865335354036054, 1.5625218087027237, -2.0035949667300894, 2.9860409847542715], "COSMOS-86": [1.3024180169812976, 2.6629012583543257, -2.003166140172646, 2.886003916955885], "COSMOS-37": [1.2137256727206713, 1.980819496829386, -1.9998301514291423, 3.0072867637964613], "CDFS7Ms-190": [44.658753351261055, 7.084245588276039, -2.619481248883286, 2.85075910795586], "COSMOS-227": [1.1687200899031205, 1.6480273337326536, -2.000204244417973, 2.405152387642227], "COSMOS-94": [1.2326177581617812, 2.503610198657075, -2.00042433244826, 2.838557914629407], "COSMOS-409": [1.2155132266135484, 1.1284005323270994, -1.9943538830757124, 2.9894128056292733], "COSMOS-313": [2.6785609890647266, 0.8354766911844433, -2.078618514504879, 3.076985772894047], "COSMOS-842": [1.1630499330408473, 1.9578379771562107, -1.9994819699133972, 3.022642746065932], "COSMOS-490": [1.2093851723996654, 1.8013801613409313, -1.994345813242792, 2.9908500584453526], "COSMOS-54": [1.2858381172893, 2.196822976106612, -2.0030195096883987, 3.028148934457694], "AEGIS-aegis_294": [482933.8917570071, 3.5682164788384245, -95886.4310479874, 95886.49020250578], "COSMOS-220": [1.3331426698378297, 2.448066485401964, -2.0047778230734816, 2.761429895869334], "COSMOS-17": [1.1852518306598183, 2.1532513854142197, -2.000267932981129, 3.054778727054715], "COSMOS-690": [1.199366010452349, 2.0459722104823053, -1.9989717142794485, 3.0164616212187507], "COSMOS-443": [1.267449257923868, 2.193368460180108, -1.999917382391889, 2.6969658462708272], "CDFN-455": [2.1957005979170283, 2.0122175480778877, -2.1652316240791594, 2.79879896188001], "CDFS7Ms-196": [32441.88679591567, 6.382793880205403, -3069.1871052644397, 3069.45009347992], "COSMOS-630": [42.16514772189361, 2.9279347237860067, -17.093810479854394, 17.980429525665258], "COSMOS-50": [1.210966876756897, 2.0628323143623426, -2.0012949307881382, 2.470180172849886], "AEGIS-aegis_399": [1.6005067035528602, 2.0464296102726447, -2.0402452063514778, 2.560953902816424], "COSMOS-392": [1.1889810576415685, 1.580693579760295, -2.0005984441558464, 2.7533857161627893], "COSMOS-112": [1.221845470797582, 1.9143433862750296, -1.9992528047168108, 2.5346616400599755], "COSMOS-361": [1.3477252376228233, 1.8516500457121667, -2.006810634538511, 2.4456408004074452], "CDFS7Ms-104": [1030296.6992143947, 0.7866892907866556, -2.873094252787104, 0.9707586168148669], "COSMOS-275": [1.198853998762273, 2.1313577973252804, -2.0014935417443356, 2.548939998306757], "CDFN-604": [1.3843595863533111, 2.036186444576892, -2.0094437797484654, 2.1525104088527582], "COSMOS-47": [4623.557166989935, 2.317866530644486, -1583.6710368828485, 1584.6469273033345], "COSMOS-53": [1.224345393532724, 2.529148486643833, -2.0009242069385236, 2.8124085204224065], "COSMOS-495": [1.178901226807762, 1.8554339838473841, -2.0009352965830294, 2.8475498249955473]}