{"COSMOS-255": [1.3094472111349496, 2.0843386086581446, -2.0045194189765576, 3.0395599085714693], "AEGIS-aegis_454": [1.1693645680813778, 3.235952951895801, -1.9986036954154622, 2.2066259060328868], "CDFN-447": [1.058768275490487, 1.2228658898232745, -1.9949320445320549, 2.992706527385952], "AEGIS-aegis_367": [1.089115540475822, 1.117148966027318, -1.9988493071899869, 2.998927348076725], "COSMOS-907": [1.1797026967439876, 1.1986442648379958, -2.000645096242949, 2.9964259700147653], "AEGIS-aegis_102": [0.9480942951391633, 1.1329158254652247, -1.99938815578084, 3.000416279612272], "CDFN-404": [1.5002067375161894, 2.019476997742859, -2.006647059968096, 2.413402745167949], "CDFS7Ms-171": [1.4530239115995536, 2.200124916317814, -2.005915410684011, 1.8711204579790035], "AEGIS-aegis_124": [1.1830859572161618, 3.0337408237152603, -2.0000938342228274, 2.267489908594569], "COSMOS-913": [1.0586336393781939, 1.2233883397595635, -1.9989859635362008, 3.0009691767757616], "AEGIS-aegis_919": [1.319698229062721, 2.821673045766186, -2.000378029435945, 2.524114204730875], "AEGIS-aegis_387": [1.3164516040334318, 1.7540899374062457, -2.003328983872321, 2.150853480949097], "COSMOS-186": [1.3500251034878377, 2.2707898987994715, -2.0047368919323754, 3.0365591378118806], "CDFS7Ms-110": [1.3443965576751924, 2.658609416926792, -2.0039269998299045, 1.9246017708416767], "COSMOS-262": [1.2306543812927813, 2.702165667174417, -2.001221767050385, 3.086447252474501], "AEGIS-aegis_252": [1.5906724064508322, 0.8150470565552879, -2.022750304696822, 3.0216995400027806], "CDFN-641": [1.154959999259583, 1.736004041416053, -1.9989711809027653, 1.9550735782384416], "AEGIS-aegis_881": [1.4023618435630099, 2.2491573958154, -1.9991921433543942, 3.012705274723487], "CDFS7Ms-008": [1.36977692229945, 2.2515580862902658, -2.0085784135466547, 2.696057696642462], "COSMOS-99": [1.393589310429054, 1.0415241231238979, -2.0152728407798906, 3.0044122918989267], "COSMOS-827": [1.4099124790114435, 1.0230978345177446, -2.0366510410404843, 3.0321586597470955], "CDFS7Ms-098": [1.2891715346349784, 3.2033968676995634, -1.9998606724631394, 1.7736353660658777], "COSMOS-652": [1.0506007026971584, 1.0647947024001363, -1.999113998806037, 2.9971921224968985], "COSMOS-140": [1.4058394044410862, 1.1501116071115218, -2.00129437250836, 2.9909372201682745], "AEGIS-aegis_350": [1.3915077640348952, 2.638730547850458, -2.0099140904979222, 3.003731068898088], "CDFN-679": [1.139353579627898, 1.650240722057163, -1.998914460575477, 3.0180933127623284], "COSMOS-433": [1.1328597236595948, 1.8882747946989884, -1.9996446141017035, 3.0511775514361585], "AEGIS-aegis_045": [1.6229416855054646, 2.5189350560943113, -2.0266105034000295, 3.062568513157017], "COSMOS-335": [1.3147633704036719, 3.1570294235696608, -1.9984863697145339, 3.019722768133018], "COSMOS-363": [10.210414794146976, 3.8284573292788844, -4.360135116971397, 5.481275204070457], "CDFN-155": [1.2002630749488046, 2.6839666723690088, -1.998491733940154, 2.0365938201216194], "COSMOS-1593": [1.1828936608948677, 1.6901994135229423, -1.9981015930628112, 3.0204567233480297], "COSMOS-792": [1.3915127812706474, 0.9763456531462043, -2.003138834456223, 3.0025408553966635], "AEGIS-aegis_118": [3550389.563361871, 4.9510802112098595, -430791.8133008786, 430792.506317821], "AEGIS-aegis_314": [1.6984720772210458, 1.9507248512318491, -2.0308555309288807, 2.9955066755860424], "AEGIS-aegis_030": [1.3195468777988721, 0.8834464679582031, -2.0035364222947853, 3.003185737401452], "COSMOS-801": [1.1598323958432095, 0.6917819642437393, -2.000145435458727, 2.9986245222749135], "CDFS7Ms-013": [1.361091324275141, 2.405787189901206, -2.003594835956909, 2.1471020128065286], "COSMOS-691": [1.050920406522391, 1.6061585823819189, -1.9997345440775336, 3.0334406501069577], "COSMOS-543": [1.1084611895364993, 1.028449084426527, -1.9951251343724592, 2.9924513831514084], "COSMOS-378": [1.0569030567758424, 2.0525960428208863, -1.9994626496246881, 3.1507732267622135], "COSMOS-566": [1.3019448190400462, 1.2900312020295672, -1.9972426228256221, 2.9877766771888603], "AEGIS-aegis_580": [1.1693576718199958, 1.781912093209538, -1.999724447155696, 3.033232754735494], "AEGIS-aegis_249": [1.2605072519351839, 1.436547546235852, -2.0028648809257863, 3.009815842358449], "CDFS7Ms-160": [1.367696689254525, 4.0619640477699015, -2.0035301127277236, 3.109421972598237], "AEGIS-aegis_131": [1.2295338638945346, 2.3405884735561404, -2.0007134229954646, 2.5135474545702703], "COSMOS-1598": [1.1659435882138496, 1.0887135240837043, -1.9992406026996057, 2.998035033339898], "CDFS7Ms-283": [1.5366569267902, 2.5995883071367683, -2.0223065426015414, 3.073568931133569], "COSMOS-1493": [1.1001399226453394, 1.14293562592867, -1.9980183090865378, 2.9963676166464728], "CDFN-283": [1.371510877690051, 3.7117027638575655, -2.0032117085253125, 3.0519960846474694], "CDFS7Ms-087": [1.4081357753776769, 2.7587024927838257, -2.0074446995621806, 2.011554188664331], "COSMOS-820": [1.226634925081465, 1.101270019431788, -1.9930250074876525, 2.9932765577515923], "AEGIS-aegis_500": [1.3635959864946394, 1.4496398418859757, -2.0049205582481715, 2.9976156631319055], "COSMOS-875": [1.2653165454254727, 2.716223300051547, -2.0023491975708496, 3.05893275366349], "CDFN-81": [1.3377643233032792, 1.9956720081566388, -2.004852649861761, 2.973609265105546], "COSMOS-460": [1.3028713368715577, 3.8295681210707606, -2.0015494434888295, 2.8552813537998953], "CDFN-626": [1.1618133715541084, 2.7812162159866043, -2.0005371898657303, 3.12473905958029], "COSMOS-1508": [1.0971718355904838, 0.9707023372508559, -1.9995250167611203, 2.9909013630297334], "COSMOS-548": [1.2816047447515626, 2.0794263302950204, -2.0023121389117513, 3.1110974094613164], "COSMOS-749": [1.1568346519927304, 1.3710123763647695, -1.9968679300848289, 2.9959898870315547], "COSMOS-562": [1.3561065089923159, 2.1400480751748843, -1.9999989093320125, 3.023937353543195], "AEGIS-aegis_876": [1.1989801075198716, 2.379246009085348, -2.0003314880850915, 3.1080115026277677], "AEGIS-aegis_648": [1.275405767767255, 2.7694422712976117, -2.0016681417347066, 2.5038362967893164], "COSMOS-1522": [1.1816805877632839, 1.1326859483128746, -1.993444145705394, 2.9930741536533776], "CDFN-412": [1.6953658712524646, 2.0059024116738007, -2.018660891249943, 2.1343805801548923], "CDFN-42": [1.457662989157661, 2.0955050909814346, -2.0111407269411106, 3.034521494126441], "CDFS7Ms-150": [1.3299479430639805, 2.3014800946862373, -2.0073253209399633, 2.9972077168455473], "COSMOS-4": [1.3090643487573097, 1.2390721681674335, -2.0038338445442, 3.0012729819961406], "COSMOS-23": [1.0632615239240593, 1.1156882309219942, -1.999560206008989, 2.998828384326145], "AEGIS-aegis_413": [1.9823034031769469, 1.4014559272604734, -2.1685400275306455, 3.1612967355138903], "COSMOS-35": [1.2433654933402747, 2.4610894811251547, -2.0012940384179094, 3.0306165795421043], "AEGIS-aegis_928": [1.2745730583853723, 1.0377423756102124, -2.00795455821447, 3.007303671245999], "AEGIS-aegis_275": [1.3405554510396702, 3.8279717130102164, -2.002578324018005, 3.417617115118978], "CDFN-681": [1.0427687783521633, 1.4670125532595713, -1.9970202921468398, 3.008478627946431], "COSMOS-619": [1.17753386549481, 1.631104567223962, -2.0006010954479954, 3.013913132342212], "CDFS7Ms-138": [1.5404933119039093, 2.3742267749350052, -2.019119149017416, 2.627008212322478], "COSMOS-417": [1.2050311745778424, 2.5524764395750097, -2.000856266322377, 2.5371867580678007], "AEGIS-aegis_563": [2.3957720209330566, 1.7310017918941933, -2.24466557882555, 3.2553134162541957], "COSMOS-783": [1.2675836273177303, 1.2305570452718948, -2.0016670923690936, 2.997169515649439], "COSMOS-1437": [1.2775918891565698, 0.9868750845474772, -1.9989151725576373, 2.9968784925179213], "CDFN-47": [1.291425633071918, 2.586640734050512, -2.0019311124920347, 2.8664348738529823], "COSMOS-279": [1.3231338649125148, 2.337840649172068, -2.004801831692213, 2.3267170163580477],