{"COSMOS-732": [1.22569103379247, 3.4247003893079997, -2.0006751427834355, 2.9495452790338144], "COSMOS-865": [1.1925411632556597, 1.6374959411069465, -1.9974827971154068, 3.0192011491486945], "CDFS7Ms-019": [1.1389106941212326, 2.7219699856615316, -1.9998473435223074, 2.2173460023594957], "AEGIS-aegis_482": [1.3687137262909408, 2.7110674160916566, -2.007912251859066, 2.886308712607129], "COSMOS-1440": [1.0792807416611039, 1.320638291061543, -1.9999328538841619, 3.007008650340503], "CDFN-572": [1.998889505530445, 2.355438391898835, -2.0828981992124254, 2.894485268598749], "AEGIS-aegis_623": [1.2540119636710205, 3.6016287711116375, -2.000938345154913, 2.5022106033076454], "CDFN-196": [1.348944562059867, 4.584653258313081, -2.0022443990137475, 3.149121148362687], "CDFS7Ms-033": [1.3751607610790124, 2.78945470223906, -2.006339376638432, 1.8368559659984232], "AEGIS-aegis_429": [1.2324414527817456, 2.629704566389281, -1.995270336594606, 2.770470040579255], "COSMOS-338": [1.2434932570610684, 2.263408143841822, -1.9988346172367946, 3.0954149351696674], "COSMOS-431": [1.2693255851236869, 2.595507581585201, -1.9987734051953958, 2.9458155576696603], "AEGIS-aegis_393": [1.3192917601276504, 4.066409181040527, -2.0034680871371187, 3.089344889179877], "AEGIS-aegis_452": [1.1876435784973052, 3.3181230492215747, -1.9999833752745912, 3.3049704342232227], "AEGIS-aegis_564": [1.455204602448955, 4.302737082406951, -2.005531051160202, 2.612269412450419], "COSMOS-637": [1.3556804643935245, 1.2158033496213194, -2.007175504059238, 3.005369049699969], "COSMOS-549": [1.1584665146722672, 3.015709384314526, -1.999976340197748, 3.102437883338916], "CDFS7Ms-035": [1.7221862521485356, 3.8631526670248317, -2.021191367669787, 2.3708737502576955], "AEGIS-aegis_621": [1.2154096692089258, 1.9852934324497562, -1.9999064871214154, 3.041944764745139], "CDFS7Ms-018": [1.296465726626014, 3.1361637430613847, -2.0010692516842132, 2.0288004292326347], "AEGIS-aegis_437": [1.1983304350067399, 0.7338921275165992, -1.988298896732488, 2.9882365561563735], "AEGIS-aegis_882": [2.6616401063309123, 2.0844690265317203, -2.277906991160567, 3.25423345321023], "CDFN-545": [1.317003680064961, 2.397825248487095, -2.0035650427178497, 2.8240407746957525], "AEGIS-aegis_209": [1.3660967776033113, 2.5668740804131893, -2.002180567532956, 2.811261525363313], "AEGIS-aegis_638": [1.444917927696459, 4.837709206475173, -2.006238115454834, 2.8633793897606], "CDFN-207": [1.2301614331950135, 2.142896866837146, -2.000515294901482, 2.3597205129891643], "COSMOS-316": [1.1378541351663536, 1.3548775310245276, -1.9990685843734735, 2.996033233591107], "CDFN-622": [1.3040119333341837, 2.106317004054545, -1.9973148008153707, 2.557380531172382], "CDFN-99": [1.1831582107382737, 2.652828808265159, -1.9958911735852376, 2.9849165270841143], "COSMOS-89": [1.5678121940358083, 2.6140734105120558, -2.0217869359092155, 3.018433451895047], "AEGIS-aegis_763": [1.2261355661288893, 2.597656594564117, -1.9971731616023691, 2.96933128710545], "COSMOS-554": [1.4862718838929658, 1.0814771560008856, -2.0387888129594915, 3.0384577547746434], "AEGIS-aegis_585": [1.1656854110954953, 2.7485567423321813, -2.000402245687466, 1.9272661129899924], "COSMOS-40": [2.541726219939183, 0.8603262041117761, -2.24092024102091, 3.2398959172796555], "COSMOS-332": [1.3293982981241754, 2.829069446772593, -2.002002236995333, 3.090479336025802], "COSMOS-285": [1.3207115604487039, 3.087183866307816, -2.004208945269422, 3.067711515657477], "COSMOS-905": [1.1309352382571607, 1.13753855392366, -1.9998453616971275, 2.9873672465648964]}