{"COSMOS-199": [1.2361256766081024, 1.7875867685587754, -2.002185891788088, 3.0072321441420535], "COSMOS-1409": [1.0448112925689492, 1.2183588903634293, -1.9987330551880866, 2.9901885730677256], "COSMOS-294": [1.4671504758007523, 1.5448600458134312, -2.0233098563173404, 3.023738115254217], "COSMOS-342": [1.2029138331054183, 1.0536849900162633, -2.002725807873674, 2.981089213531707], "COSMOS-522": [1.2491554664724367, 1.6981401678099717, -1.9993130116420927, 2.9708848499342366], "AEGIS-aegis_368": [1.2473891014006524, 2.049759846652905, -1.9982010398911134, 2.909238506790838], "CDFN-360": [1.174309936451559, 1.9702718527590966, -1.9970938153969389, 2.9225663803859074], "COSMOS-400": [1.0937054519069433, 1.1634919743926908, -1.9998094362910064, 2.972990966535413], "COSMOS-41": [1.0933828785072006, 1.3572019209668493, -1.9974929825377106, 2.987328563543259], "COSMOS-352": [1.020653719392762, 1.1200671458988853, -1.998204248442629, 2.9961808728924972], "CDFN-29": [2.1119830810706604, 0.9756539249843299, -2.5128944927067227, 3.5097880604769034], "AEGIS-aegis_815": [1.1679398543202983, 1.263703587403437, -1.9992103036797866, 2.9879629681731164], "COSMOS-842": [1.1152391062385814, 1.5315965528779611, -2.000091806732134, 3.0110896820475244], "COSMOS-414": [1.1544992112861943, 1.693414782713472, -2.0000146325027375, 2.980116055769185], "COSMOS-305": [1.0896662959807408, 1.5900222135484516, -2.0001349494767005, 2.9372412563933668], "COSMOS-844": [1.2277799472244215, 1.8794665003082105, -2.002371165172985, 2.917621513861392], "COSMOS-398": [1.176402335933649, 1.0684091572396277, -1.9982554708724503, 2.995719255603324], "COSMOS-466": [1.1203299354637921, 1.4128434142736583, -1.9913038797281035, 2.993972490519326], "COSMOS-443": [1.0349942338192526, 1.3033279036638183, -1.9995306703550972, 2.9585060702948405], "COSMOS-528": [1.0523721704487883, 1.087340182749798, -1.9979694806270658, 2.9796228400594442], "COSMOS-393": [1.3204800380637987, 2.060625242631101, -2.00169473988319, 2.8671441116050063], "COSMOS-351": [1.2280026228059113, 1.0544908991968012, -2.0025272848997213, 2.9947062931460247], "AEGIS-aegis_409": [1.1549762793716578, 1.920725301984523, -2.0000165565623425, 2.8229677899674055], "COSMOS-869": [1.1807426958553222, 1.697742581645168, -2.0018767153531756, 3.0000317182885], "COSMOS-86": [1.1088607070977807, 1.4865063094113804, -2.0001258294003854, 3.011679556589079], "COSMOS-37": [1.052707286397613, 1.475104501414144, -1.9984025326793464, 3.0088797920499286], "CDFS7Ms-190": [12000241.802271374, 2.5948860210225915, -2169399.775220979, 2169400.6835643244], "COSMOS-227": [0.9897719943208265, 1.1844443391184856, -1.9984286066712382, 2.9901734466753203], "COSMOS-94": [1.1517209359500022, 1.7957072335037847, -1.9961623314655172, 3.038485991166685], "COSMOS-409": [1.1583626845919825, 0.8013814619900015, -1.9905675779581946, 2.9888288183979617], "AEGIS-aegis_399": [1.3331809981798108, 2.138854042634371, -2.0040349674472075, 2.8122282286497446], "COSMOS-490": [1.1038902429815252, 1.2285002354981462, -1.9989840773650316, 3.0011102857109293], "COSMOS-54": [1.0391317088270033, 1.2068543832352554, -1.9994359862950037, 2.992966610846118], "AEGIS-aegis_294": [1.3032584277557213, 2.5405200383061226, -2.0010299159596663, 2.7106882444051146], "COSMOS-3": [1.0927742744119884, 1.154488709290101, -1.992981747520913, 2.9772427422873102], "COSMOS-220": [1.1978482268995776, 1.6166677564470355, -1.9991943290952177, 3.0187573172575686], "COSMOS-17": [1.0801079055766194, 1.0891183526323895, -1.9993938337927264, 2.9982162392435874], "COSMOS-690": [1.0640096314598126, 1.1807919361177839, -1.9992177700598655, 2.996509595358126], "COSMOS-50": [1.238399045667038, 2.056958869183412, -2.0009317694414595, 2.8665113163299], "CDFN-455": [1.3378220024423024, 1.6659413108501429, -2.0029205328982638, 2.7899536930100535], "CDFS7Ms-196": [1.4446297424831056, 1.5073078673493745, -2.028111308652312, 2.745660679299065], "COSMOS-630": [1.1418495689025518, 1.0923406320805935, -1.9988152147666023, 2.964236279187535], "COSMOS-313": [1.0687132354105335, 1.23321886616724, -1.9997359845022544, 3.0019039758700377], "COSMOS-392": [1.001808725345323, 1.3548869352142887, -1.998387499147872, 2.879329802229269], "COSMOS-112": [1.330222494826614, 1.9237181486578954, -2.0063437035845837, 2.9112012129219687], "COSMOS-361": [1.2857109146322552, 1.164289590051249, -2.0072994274403104, 2.9815879834585743], "CDFS7Ms-104": [1.1241598024907513, 1.5138972884582196, -2.000175048194777, 2.2003419258013213], "COSMOS-275": [1.1809110620535566, 1.7491461377253097, -2.0001525097540878, 2.973625009726421], "CDFN-604": [1.2796677130416452, 1.9097838633903836, -1.9976651062520823, 2.7047295641859987], "COSMOS-47": [1.0775829162032569, 1.4439840408443458, -1.9985737680615792, 2.9835695646594873], "COSMOS-53": [1.003848073791624, 0.9724109500877892, -1.9975681949271122, 2.9974895683732687], "COSMOS-495": [1.100200720777775, 1.4076015136949818, -1.9994585914040126, 3.003938696952102]}