{"COSMOS-255": [1.2672875227654856, 1.7298617542311487, -2.0012240592460815, 2.9947047141820544], "AEGIS-aegis_454": [1.0312090470145887, 2.289926435620039, -1.9999109406801778, 3.148142155367788], "CDFN-447": [1.0620151905293471, 1.6914158391359129, -1.997093181734614, 3.026369090321042], "AEGIS-aegis_367": [1.0726753299926874, 0.9725384720478556, -1.9976976161717488, 2.997221319702976], "COSMOS-907": [1.0782836538985223, 0.9826496643982401, -1.9993333181644684, 2.9980364614694737], "AEGIS-aegis_102": [1.0091093107791584, 1.3488701081990673, -1.9977373890114871, 3.0014806855602263], "CDFN-404": [1.2337101566787405, 1.6200435987057569, -2.000942839222476, 2.711943448970855], "CDFS7Ms-171": [0.6821418907745658, 0.6950674322494721, -1.9958030220875052, 2.9015877850214364], "AEGIS-aegis_124": [1.1979372247292661, 2.7373172476750645, -2.001099343341549, 2.964210394260154], "COSMOS-913": [1.242343869150806, 0.8235715818674606, -2.0068647561539352, 3.004128795843874], "AEGIS-aegis_919": [1.4987576717107582, 1.736030573457734, -2.0308688029350144, 2.9314871107154463], "AEGIS-aegis_387": [1.2875082040963994, 1.4955326723791018, -2.003921942849103, 2.6760123876257778], "AEGIS-aegis_311": [1.033305720959536, 1.6726019713222262, -1.9974708815740319, 3.0325892344534227], "CDFS7Ms-110": [1.2186239211443497, 3.5355507642020525, -2.0005631656224248, 3.175871413077105], "COSMOS-262": [1.1697644803825529, 1.7050878258142372, -2.0005953780411243, 3.0145039651464662], "AEGIS-aegis_252": [1.0910924212545132, 1.2858820225757195, -2.0001193470600738, 2.9998358121730098], "AEGIS-aegis_350": [1.3868838064221602, 1.590038755057524, -2.011246366741005, 2.9606743573496583], "AEGIS-aegis_881": [1.1243905604882949, 0.9679397308244917, -1.9991836294820473, 2.9982317135100307], "CDFS7Ms-008": [1.194794570105933, 2.068211082088843, -2.001643692303629, 2.6939446227568484], "COSMOS-99": [1.2037936095432324, 1.318411349052264, -1.9937788135594663, 2.980698164184411], "COSMOS-827": [1.1484201578896314, 1.1233626726976285, -1.9985585248633035, 2.9972751385080816], "CDFS7Ms-098": [1.3592930318828396, 3.116696078995351, -2.003928143199808, 2.908412040723939], "COSMOS-652": [1.1067278673067937, 0.6484025875201707, -2.0008269775464522, 2.999787376957591], "COSMOS-140": [1.1011834590734684, 1.2552177345904005, -1.9994627494729271, 3.002636918065618], "CDFN-641": [1.592790355021316, 2.886454064550431, -2.016998989036212, 2.660418864977395], "CDFN-679": [1.2318571846532569, 0.9734261303413355, -2.0021172349705685, 3.0015460252172086], "COSMOS-433": [1.1724310414720998, 1.5895021762215533, -1.9962991795609548, 3.0099514170294586], "AEGIS-aegis_045": [1.2233196128975674, 1.1629697940255723, -1.9905097936253284, 2.9906378918553216], "COSMOS-335": [1.357476452193533, 2.5785799123650337, -2.001003475485815, 2.9617314507678376], "COSMOS-363": [1.428835458226232, 2.582605568238928, -2.0077688715280306, 2.9673361257013626], "CDFN-155": [1.244595698491144, 1.9804291657469026, -2.002004679706501, 2.5987922701332087], "COSMOS-1593": [1.0595266365662332, 1.1756686149215407, -1.9986873828896974, 2.99351553768428], "COSMOS-792": [1.2360875148115258, 1.1504484189705373, -1.9987743153450066, 2.997139914874187], "AEGIS-aegis_118": [1.2048328875118046, 2.1245495816041937, -2.000324920419693, 2.5143477431385217], "AEGIS-aegis_314": [1.2983004167795489, 2.0247787511771733, -1.9995877973374703, 3.012085246526378], "AEGIS-aegis_030": [1.0691120825438372, 1.1939091266247979, -1.99940689119925, 2.998337737030364], "COSMOS-801": [1.243727525760959, 1.064210827843789, -2.0004615169221216, 2.9994743935672927], "CDFS7Ms-013": [1.2175195550361215, 2.458778913169136, -1.997233361426808, 3.0173808494006105], "COSMOS-691": [0.9558739774016227, 0.9295127531855667, -1.9986595073488318, 2.996431843354997], "COSMOS-543": [1.2386630075970766, 0.9856655955812607, -2.000007741564584, 2.9991431428619832], "COSMOS-378": [1.1101249093377268, 2.407572643859488, -1.9990712974277187, 3.2044972256175175], "COSMOS-566": [1.2926808349755379, 0.8686444048675201, -2.0172041880894045, 3.017137599743873], "AEGIS-aegis_580": [2.093010892005413, 0.7391944566810761, -2.157593982240597, 3.157543841415393], "AEGIS-aegis_249": [1.0985116734187685, 1.0008345278211404, -1.9996097780497863, 2.9958372129923827], "CDFS7Ms-160": [1.1007221171795978, 1.0692424242723677, -1.9946528387286635, 2.9944162842072175], "AEGIS-aegis_131": [1.182441460808536, 1.5642896546484057, -1.9923286518824046, 2.9852624279205378], "COSMOS-1598": [1.3137558364478388, 0.9936045467277159, -2.011523442321897, 3.0096359807218183], "CDFS7Ms-283": [1.1998593121267702, 2.44051212111179, -2.0001082930383456, 3.1556970091936374], "COSMOS-1493": [1.1507212373608564, 1.2246811701592495, -1.998450010432888, 2.9980934054093935], "COSMOS-186": [1.358758642731618, 1.7978506189542585, -1.996651882585599, 3.007104091780836], "CDFN-283": [1.1137158176021165, 0.8693376477289525, -2.000002147488252, 2.997385162653146], "CDFS7Ms-087": [1.1600246250297293, 2.5752129228820477, -1.9991918215646645, 2.98854980093971], "COSMOS-820": [1.214436569709338, 0.9783916748921693, -1.9937825255778097, 2.991674493977877], "AEGIS-aegis_500": [1.0516202899407832, 0.9738683592604029, -1.9904774970437544, 2.988807951254633], "COSMOS-875": [1.3228411392367763, 2.468161916401478, -1.9987917604577268, 3.053263741514545], "CDFN-81": [1.2254296208479984, 1.783657526142108, -1.9965526155492332, 3.046608762822614], "COSMOS-460": [1.3450352496927747, 4.053342960238403, -2.0014040878804282, 3.394681283503645], "CDFN-626": [0.983939499312737, 1.2655066899721104, -1.9976954201888186, 3.0102350420667605], "COSMOS-1508": [1.2067051186170468, 0.881292196269932, -1.9983300999734088, 2.9966623701942297], "COSMOS-548": [1.1039326397465317, 1.2976574942910526, -1.9974606427918031, 2.9910534471689094], "COSMOS-749": [1.1336208232328802, 1.248614815739605, -1.9891425249870183, 2.990301726249487], "COSMOS-562": [1.1145364264257842, 1.5216864034574316, -1.9947293619353679, 2.998526411849265], "AEGIS-aegis_876": [1.0318559056347918, 0.9108490879376394, -1.9871305210605184, 2.9853716759552666], "AEGIS-aegis_648": [0.9979072480532465, 1.337207352887054, -1.999738827206103, 2.8806875357211634], "COSMOS-1522": [1.0970004226968344, 0.9928467394973917, -1.9962421029476372, 2.989936637564531], "CDFN-412": [1.2665978597202394, 1.9094132863376325, -2.0019601839014776, 2.491604317473911], "CDFN-42": [1.3355637257300224, 1.2873654233926815, -2.003188819060831, 2.9960341645697746], "CDFS7Ms-150": [0.9705093126300605, 1.4535966184607063, -1.9988063517887884, 3.033112625808004], "COSMOS-4": [1.1857385748940599, 1.133806085727624, -2.002699546830641, 3.0026079160275403], "COSMOS-23": [1.0482910898290583, 1.149879600714451, -2.0000148940816724, 2.9983554882384453], "AEGIS-aegis_413": [1.0975682362995176, 1.0636931133289478, -1.9991690360981447, 2.9940611794936585], "COSMOS-35": [1.1144825039761599, 1.1603919616638279, -1.992415065536812, 2.989647391580781], "AEGIS-aegis_928": [1.2005133162590629, 0.997178448195711, -2.0003825182397144, 2.998350563588533], "AEGIS-aegis_275": [1.112734836919515, 1.1469582267079965, -2.0009161877746227, 3.000538373865963], "CDFN-681": [0.9517326720738191, 1.2975729415841102, -1.999962647149924, 2.9941299031929383], "COSMOS-619": [1.2495359152146237, 2.1841913822242276, -2.001428226912658, 3.084376069021433], "CDFS7Ms-138": [1.0888403089381402, 2.11392243985295, -1.999847136612456, 2.9658352358848195], "AEGIS-aegis_697": [1.1773257587480517, 1.508719483624073, -2.0002212600276574, 3.000962071983336], "COSMOS-417": [1.1989523698614315, 2.463742977347584, -2.0001269507903165, 2.923196256359805], "AEGIS-aegis_563": [1.1363797032927598, 0.9920168142528076, -2.0005979740165634, 2.996349354981349], "COSMOS-783": [1.2087278277451272, 1.045523866720656, -1.9985844047757464, 2.9982313189732066], "COSMOS-1437": [1.2393017740916268, 0.9914418907858372, -2.006776346822147, 3.0027723584771264],