{"COSMOS-255": [1.3094472111349496, 2.0843386086581446, -2.0045194189765576, 3.0395599085714693], "COSMOS-504": [1.110614069864166, 1.3283769038529492, -1.998898530097665, 2.9937859352162643], "COSMOS-39": [1.4104614192220002, 1.361412963479791, -2.0081004301126093, 3.0079166437542826], "AEGIS-aegis_276": [0.998641357693995, 1.0477469222578464, -1.9990513973946455, 2.999052139516328], "COSMOS-875": [1.2653165454254727, 2.716223300051547, -2.0023491975708496, 3.05893275366349], "AEGIS-aegis_500": [1.3635959864946394, 1.4496398418859757, -2.0049205582481715, 2.9976156631319055], "COSMOS-913": [1.0586336393781939, 1.2233883397595635, -1.9989859635362008, 3.0009691767757616], "COSMOS-51": [1.3631261438878226, 2.0710836271775355, -2.0029311722787475, 3.045904718084821], "COSMOS-99": [1.393589310429054, 1.0415241231238979, -2.0152728407798906, 3.0044122918989267], "AEGIS-aegis_937": [1.3210709493390567, 3.254856972650189, -2.0008435081156186, 2.6551228814080035], "COSMOS-548": [1.2816047447515626, 2.0794263302950204, -2.0023121389117513, 3.1110974094613164], "AEGIS-aegis_034": [1.4511769964577914, 0.8198916283428468, -2.011463563192642, 3.0103572013123623], "COSMOS-1581": [1.023086294026026, 1.5389731544943643, -1.9990405611326625, 3.058989308210812], "CDFN-495": [1.0772128121306968, 1.0722436773607942, -1.9934431437428555, 2.987304121852752], "CDFS7Ms-406": [1.1243510560080041, 1.3383422328215326, -1.9998910042994535, 3.007237933391748], "AEGIS-aegis_547": [1.2185792949481922, 3.839022213068553, -1.9997429088082097, 2.4628136906830447], "CDFS7Ms-111": [19.05429089164243, 7.56275332768088, -4.900417601738665, 5.796692344881965], "AEGIS-aegis_118": [3550389.563361871, 4.9510802112098595, -430791.8133008786, 430792.506317821], "CDFN-174": [1.3071685667295498, 2.0835034326597146, -2.003089873918511, 1.9619867442073913], "COSMOS-23": [1.0632615239240593, 1.1156882309219942, -1.999560206008989, 2.998828384326145], "CDFN-316": [1.3732471387681617, 2.860485699049553, -2.0055618457383306, 3.0952117828513717], "CDFN-169": [1.1163575674530528, 0.6587228580101647, -1.9996580759726759, 2.996288450438932], "COSMOS-378": [1.0569030567758424, 2.0525960428208863, -1.9994626496246881, 3.1507732267622135], "AEGIS-aegis_102": [0.9480942951391633, 1.1329158254652247, -1.99938815578084, 3.000416279612272], "AEGIS-aegis_265": [1.0591525950348197, 1.3123389914743182, -1.9990819541285232, 2.998031755832229], "COSMOS-117": [1.5006955055455866, 3.360473818333837, -2.0096344406990356, 2.8744327919606967], "COSMOS-566": [1.3019448190400462, 1.2900312020295672, -1.9972426228256221, 2.9877766771888603], "AEGIS-aegis_295": [1.3412798108761268, 1.3608643717333209, -1.991487157790983, 2.8852147006481967], "COSMOS-641": [1.1550284618000304, 2.3877849780614895, -2.000053283755813, 3.190690167261442], "AEGIS-aegis_377": [1.4402415621882, 2.656650918485053, -2.0084200556508716, 3.063344125430672], "CDFN-177": [1.203131778511819, 2.0059210763798925, -1.9973085336158956, 3.0715557768445603], "COSMOS-35": [1.2433654933402747, 2.4610894811251547, -2.0012940384179094, 3.0306165795421043], "AEGIS-aegis_918": [1.0049946440187627, 1.1451313581179723, -1.9979305545350274, 2.981993723888934], "COSMOS-389": [1.2148256894665805, 2.4021876709540493, -1.9992827865174947, 3.048687482628088], "CDFN-428": [1.2791572584387454, 4.269878949060166, -2.0004868424273363, 2.9553092368423926], "COSMOS-111": [1.2356665769636332, 3.17769545864215, -1.9980275354160157, 3.2929457287208486], "CDFN-404": [1.5002067375161894, 2.019476997742859, -2.006647059968096, 2.413402745167949], "AEGIS-aegis_311": [1.332796836433994, 2.4210782108037083, -2.00192568084943, 2.9208097143863796], "CDFN-38": [1.014185528943361, 1.1380068852129788, -1.9993537254479055, 3.00105230434208], "COSMOS-262": [1.2306543812927813, 2.702165667174417, -2.001221767050385, 3.086447252474501], "CDFN-641": [1.154959999259583, 1.736004041416053, -1.9989711809027653, 1.9550735782384416], "CDFN-42": [1.457662989157661, 2.0955050909814346, -2.0111407269411106, 3.034521494126441], "COSMOS-436": [1.157353167576583, 1.910507165281088, -1.9994273818362271, 3.048205951178141], "COSMOS-335": [1.3147633704036719, 3.1570294235696608, -1.9984863697145339, 3.019722768133018], "COSMOS-10": [1.2536823220318474, 2.7582430118899897, -2.000832538009348, 2.567365594931211], "CDFN-502": [1.3283510614680247, 2.77979646668138, -2.003127456913827, 3.0661769368180103], "CDFN-626": [1.1618133715541084, 2.7812162159866043, -2.0005371898657303, 3.12473905958029], "CDFN-571": [1.344374079354488, 0.8558818026494424, -1.9999393503123226, 2.997107765879034], "CDFN-101": [1.3079580516018536, 1.6511350608297404, -2.007105406809392, 3.0067277782984556], "CDFS7Ms-160": [1.367696689254525, 4.0619640477699015, -2.0035301127277236, 3.109421972598237], "COSMOS-279": [1.3231338649125148, 2.337840649172068, -2.004801831692213, 2.3267170163580477], "AEGIS-aegis_252": [1.5906724064508322, 0.8150470565552879, -2.022750304696822, 3.0216995400027806], "COSMOS-1598": [1.1659435882138496, 1.0887135240837043, -1.9992406026996057, 2.998035033339898], "CDFS7Ms-120": [1.1857894260510355, 0.8624130402939285, -1.9995381064122026, 2.375278765851592], "CDFS7Ms-043": [1.425344220228101, 1.6954851131599487, -2.0134720641288046, 3.0360763356420093], "CDFN-542": [1.1128455372731854, 0.9913051711216387, -1.997354431407047, 2.9948415650770017], "CDFN-142": [1.1735524440009635, 1.2202210814969623, -1.992704460592762, 2.990109475291786], "CDFN-447": [1.058768275490487, 1.2228658898232745, -1.9949320445320549, 2.992706527385952], "CDFN-201": [0.9297283171822361, 1.1326630666962383, -1.999257179909314, 2.9963681032194467], "AEGIS-aegis_263": [1.0476356258031716, 1.8250755639258522, -1.9931412150288286, 3.0743881802732944], "AEGIS-aegis_301": [1.8535364479894794, 0.6458456684945926, -2.4128386108228153, 3.4125180779084534], "COSMOS-460": [1.3028713368715577, 3.8295681210707606, -2.0015494434888295, 2.8552813537998953], "COSMOS-1572": [1.109580798210992, 1.0756808592155829, -1.9991946006442287, 2.995635893137421], "CDFS7Ms-171": [1.4530239115995536, 2.200124916317814, -2.005915410684011, 1.8711204579790035], "COSMOS-563": [1.0816800995950446, 0.6802067395053358, -1.991509035952037, 2.990411173369221], "AEGIS-aegis_580": [1.1693576718199958, 1.781912093209538, -1.999724447155696, 3.033232754735494], "COSMOS-433": [1.1328597236595948, 1.8882747946989884, -1.9996446141017035, 3.0511775514361585], "AEGIS-aegis_853": [1.0866804035081887, 0.94066794262698, -1.9922047517765127, 2.9897385697346017], "COSMOS-562": [1.3561065089923159, 2.1400480751748843, -1.9999989093320125, 3.023937353543195], "CDFS7Ms-013": [1.361091324275141, 2.405787189901206, -2.003594835956909, 2.1471020128065286], "AEGIS-aegis_131": [1.2295338638945346, 2.3405884735561404, -2.0007134229954646, 2.5135474545702703], "AEGIS-aegis_314": [1.6984720772210458, 1.9507248512318491, -2.0308555309288807, 2.9955066755860424], "AEGIS-aegis_919": [1.319698229062721, 2.821673045766186, -2.000378029435945, 2.524114204730875], "COSMOS-879": [1.1804165184389126, 1.7848146469100354, -2.0022420250466038, 3.0096291074868593], "COSMOS-840": [1.2153334997298963, 1.067288568026723, -1.996415405986737, 2.9863891907422193], "CDFN-681": [1.0427687783521633, 1.4670125532595713, -1.9970202921468398, 3.008478627946431], "COSMOS-783": [1.2675836273177303, 1.2305570452718948, -2.0016670923690936, 2.997169515649439], "AEGIS-aegis_030": [1.3195468777988721, 0.8834464679582031, -2.0035364222947853, 3.003185737401452], "COSMOS-140": [1.4058394044410862, 1.1501116071115218, -2.00129437250836, 2.9909372201682745], "AEGIS-aegis_004": [1.1515616489583151, 0.9087968467938924, -1.9912641578721701, 2.990177164176055], "CDFS7Ms-138": [1.5404933119039093, 2.3742267749350052, -2.019119149017416, 2.627008212322478], "CDFS7Ms-091": [1.3082587533305403, 3.2130415219587736, -2.00289504723196, 2.3864708022180414], "COSMOS-339": [3.050329271136965, 2.4574108521491507, -2.346804273547857, 3.0365161463609214],