{"CDFN-99": [1.077880683495384, 1.2873963498645251, -1.998581011042583, 2.9989636034607665], "CDFN-545": [1.2341311761931433, 2.698549320534362, -2.001101388093439, 2.8690835222321933], "AEGIS-aegis_452": [1.1016043017641906, 1.081033939616842, -1.9995433113206138, 2.9994003401151055], "AEGIS-aegis_090": [2.017499760954836, 0.8437597528286939, -2.332602240562008, 3.330534827594631], "AEGIS-aegis_763": [1.1222589287779798, 1.9863495268279012, -1.9988600945090553, 3.062101199495415], "COSMOS-89": [1.355728026212872, 2.2771201899369604, -2.0014090304786105, 3.0195006857602156], "COSMOS-338": [1.1524130825147902, 0.750331903356827, -1.9985641696555059, 2.997034567806493], "CDFN-297": [1.141324680140048, 2.1560560333059726, -1.997620713803795, 3.055398900581272], "CDFS7Ms-033": [1.3835597549002103, 2.938415550614155, -2.007253620605958, 2.8470350852485096], "AEGIS-aegis_882": [0.9472531044497474, 0.7771311668902972, -1.9995683598642868, 2.998312094537939], "CDFN-526": [1.1255906303433787, 1.238463818167114, -1.9994358105262484, 2.9998374285775427], "AEGIS-aegis_249": [1.0985116734187685, 1.0008345278211404, -1.9996097780497863, 2.9958372129923827], "CDFN-622": [1.2881816504186152, 1.414567337250173, -2.0046432859030756, 3.002691843873616], "AEGIS-aegis_564": [1.1089383888145625, 2.894995252441139, -1.9973306911215754, 3.2934724556293618], "CDFN-267": [0.9244132255869659, 1.0257390408036988, -1.9951713110947107, 2.989537798169545], "CDFN-504": [1.2726229298599958, 0.9566599094955472, -1.9914495171067066, 2.9884697127730844], "COSMOS-865": [1.126925730790342, 1.552681511594713, -1.9955349835714675, 3.0277980256111245], "CDFN-207": [1.3352099963591568, 2.2070860540148556, -2.001061497485855, 2.549569854330376], "COSMOS-691": [0.9558739774016227, 0.9295127531855667, -1.9986595073488318, 2.996431843354997], "CDFN-572": [1.2867751561665552, 1.4456563945400291, -2.0028069910482325, 2.9724900055250094], "AEGIS-aegis_482": [1.353438795516455, 2.5865945608203074, -2.002955249914019, 2.8684049573226575], "COSMOS-316": [1.0735741038724296, 1.2022575036969232, -1.9998975709357372, 2.999876853731597], "COSMOS-40": [0.9471561253061241, 1.2846895262304776, -1.9996071870599204, 3.0044488581990665], "AEGIS-aegis_437": [1.0187159322301933, 1.3397960745516362, -1.9991129600598492, 3.007951112434726], "COSMOS-549": [1.2061910669869804, 2.8313043668624003, -2.0002893768495484, 3.0980920920349804], "CDFS7Ms-019": [1.1052316906235897, 2.3363344882747894, -1.9997633154820216, 3.052782637085333], "COSMOS-431": [1.2450115935230521, 2.003381048856481, -2.000443253610001, 3.0205457335627073], "CDFN-439": [1.3289171231561272, 0.938769920793915, -2.018735592283756, 3.017806490538927], "AEGIS-aegis_359": [1.4093087640877218, 0.9469048044276231, -2.011460963040034, 3.0101296321560738], "CDFS7Ms-018": [1.235789980917961, 0.8671932743816334, -1.9907849073061974, 2.944895773928717], "AEGIS-aegis_638": [1.1605199715924872, 2.549360141151816, -1.9990603269629799, 2.7332814755908412], "COSMOS-1437": [1.2393017740916268, 0.9914418907858372, -2.006776346822147, 3.0027723584771264], "COSMOS-332": [1.3437007644524877, 2.534392331973115, -2.004600530510965, 3.085406312114645], "COSMOS-285": [1.249683196489894, 1.8396778867259067, -2.0051139802628457, 3.007069237095813], "AEGIS-aegis_393": [1.1311352514130328, 1.6619293817379963, -1.9995838851995704, 3.0087633966307523], "CDFS7Ms-047": [1.0659899336307739, 1.2984159294692434, -1.9880635758521916, 2.962356056773735], "COSMOS-905": [1.145447966196755, 1.2061877724000962, -1.9995526732546893, 2.996763752658574], "COSMOS-732": [1.2827626039079778, 2.9865739334734904, -2.0004021377007266, 3.1719415970107607], "AEGIS-aegis_585": [0.9856500091140694, 1.6727868032512834, -1.9980994644207346, 3.007762738377715], "COSMOS-554": [1.235340536650972, 1.0368908851223826, -2.0043199505686986, 3.0039201097518555], "AEGIS-aegis_928": [1.2005133162590629, 0.997178448195711, -2.0003825182397144, 2.998350563588533], "COSMOS-637": [1.073523128007134, 1.3212653345567054, -1.9993594138595383, 3.000119267394221], "CDFN-196": [0.968765407596512, 0.9843330009123136, -1.9990148900244342, 2.9962809095694265], "COSMOS-1440": [1.0939745647343537, 1.3018511306659408, -1.9998382374078347, 3.0004732033965205], "CDFN-283": [1.1137158176021165, 0.8693376477289525, -2.000002147488252, 2.997385162653146], "AEGIS-aegis_124": [1.1979372247292661, 2.7373172476750645, -2.001099343341549, 2.964210394260154], "AEGIS-aegis_209": [1.1697851817932274, 1.8940828329768014, -2.0002380298312623, 2.902864336315405], "AEGIS-aegis_623": [1.170723545691827, 2.547501402028716, -2.0003735750481915, 3.061698108041518], "CDFS7Ms-035": [1.284606326689447, 3.6411107120594117, -2.000055412932301, 2.9508122682853655], "AEGIS-aegis_621": [1.1691487247409917, 1.7134550841095577, -2.0002414610526174, 3.0408727692093676], "AEGIS-aegis_429": [1.3339536106144223, 2.4434771195618756, -1.9998914322727066, 3.0632526462384035]}