{"COSMOS-255": [1.2672875227654856, 1.7298617542311487, -2.0012240592460815, 2.9947047141820544], "COSMOS-504": [1.3424177373281223, 1.0065031934377726, -2.0116610231151206, 3.00963297948429], "COSMOS-39": [1.0876541753117808, 1.3739377048407018, -1.9989859788177453, 2.9787091730145816], "AEGIS-aegis_276": [1.1336700106899347, 0.9464701022513979, -1.9964377387805876, 2.9959061213095604], "COSMOS-875": [1.3228411392367763, 2.468161916401478, -1.9987917604577268, 3.053263741514545], "AEGIS-aegis_500": [1.0516202899407832, 0.9738683592604029, -1.9904774970437544, 2.988807951254633], "COSMOS-913": [1.242343869150806, 0.8235715818674606, -2.0068647561539352, 3.004128795843874], "COSMOS-51": [0.997601381407222, 0.5452401244092433, -2.010027029368504, 3.0097604157619364], "COSMOS-99": [1.2037936095432324, 1.318411349052264, -1.9937788135594663, 2.980698164184411], "AEGIS-aegis_937": [1.207575560995962, 2.4540252586703803, -1.998793004776799, 2.9518569770971697], "COSMOS-548": [1.1039326397465317, 1.2976574942910526, -1.9974606427918031, 2.9910534471689094], "AEGIS-aegis_034": [1.0861074949147471, 0.9856325053997603, -1.998075915112469, 2.9938220627703065], "COSMOS-1581": [0.9811643190031147, 1.2065071386461717, -1.9981656842216295, 2.9978285385003116], "CDFN-495": [1.073285648146163, 1.0464174748747614, -1.9969488037987473, 2.9905069403155458], "CDFS7Ms-406": [1.2874905476295524, 0.7216524323687097, -2.0048237541569947, 3.0048128217131973], "AEGIS-aegis_547": [1.264487684667474, 2.9934438926487794, -2.002882605244453, 2.7432070579311567], "CDFS7Ms-111": [1.3975865456756784, 1.0735965578762794, -2.0178870590088036, 3.01525369548349], "AEGIS-aegis_118": [1.2048328875118046, 2.1245495816041937, -2.000324920419693, 2.5143477431385217], "CDFN-174": [1972.9104471935461, 3.9169546234799815, -383.5240769108551, 384.1138057163654], "COSMOS-23": [1.0482910898290583, 1.149879600714451, -2.0000148940816724, 2.9983554882384453], "CDFN-316": [1.3979938223429291, 0.9758336462826318, -2.024272072267007, 3.0232393887742033], "CDFN-169": [1.1157086307305188, 1.1511479489330245, -1.999185396792334, 2.9944944934942175], "COSMOS-378": [1.1101249093377268, 2.407572643859488, -1.9990712974277187, 3.2044972256175175], "AEGIS-aegis_102": [1.0091093107791584, 1.3488701081990673, -1.9977373890114871, 3.0014806855602263], "COSMOS-1593": [1.0595266365662332, 1.1756686149215407, -1.9986873828896974, 2.99351553768428], "COSMOS-117": [1.2738987464792535, 2.6166126709748267, -2.0011647084232775, 2.8738739407233833], "COSMOS-566": [1.2926808349755379, 0.8686444048675201, -2.0172041880894045, 3.017137599743873], "AEGIS-aegis_295": [1.2938742539104902, 2.4957490967052394, -1.9969457284628074, 2.9983380651828884], "COSMOS-641": [1.1239759761127086, 1.4787601410720976, -1.9996045331709946, 3.0157707472092232], "AEGIS-aegis_377": [1.1668908172423733, 1.0055658030415704, -2.000727877622378, 3.0001101620768096], "CDFN-177": [1.1610998835865984, 0.9763782378039852, -2.0033510391011062, 3.0030685825697976], "COSMOS-35": [1.1144825039761599, 1.1603919616638279, -1.992415065536812, 2.989647391580781], "COSMOS-335": [1.357476452193533, 2.5785799123650337, -2.001003475485815, 2.9617314507678376], "CDFN-428": [1.179279180965388, 2.700054789724491, -1.9996988225198518, 3.3354465686625447], "COSMOS-111": [1.0235751020878143, 1.1390120618360466, -1.9990778562113232, 2.999229729533793], "CDFN-404": [1.2337101566787405, 1.6200435987057569, -2.000942839222476, 2.711943448970855], "AEGIS-aegis_311": [1.033305720959536, 1.6726019713222262, -1.9974708815740319, 3.0325892344534227], "CDFN-38": [1.0960646181748719, 0.975558603775077, -1.9944367794115636, 2.9919527704812268], "COSMOS-417": [1.1989523698614315, 2.463742977347584, -2.0001269507903165, 2.923196256359805], "COSMOS-262": [1.1697644803825529, 1.7050878258142372, -2.0005953780411243, 3.0145039651464662], "CDFN-641": [1.592790355021316, 2.886454064550431, -2.016998989036212, 2.660418864977395], "CDFN-42": [1.3355637257300224, 1.2873654233926815, -2.003188819060831, 2.9960341645697746], "COSMOS-436": [1.025100903477885, 1.518225422277005, -1.9982648161785002, 3.0179025485628572], "COSMOS-389": [1.3822435667066055, 0.7264601969217793, -2.011117845854505, 3.0109671499118424], "COSMOS-10": [1.2962321121111673, 2.318032848825103, -2.0045811463824825, 3.00073314117849], "CDFN-502": [1.2514170020827233, 1.9883798395436894, -2.0012078491912564, 3.046918954930214], "AEGIS-aegis_413": [1.0975682362995176, 1.0636931133289478, -1.9991690360981447, 2.9940611794936585], "CDFN-571": [0.9882894930253443, 1.0579108515642823, -1.9984796117265466, 2.9976757226928914], "CDFN-101": [2.018212171189031, 0.8573469317919005, -2.1445995352610874, 3.143444726414323], "CDFS7Ms-160": [1.1007221171795978, 1.0692424242723677, -1.9946528387286635, 2.9944162842072175], "COSMOS-279": [1.3789648864092974, 2.794830527008116, -2.0049617533516266, 2.5734029408014254], "AEGIS-aegis_252": [1.0910924212545132, 1.2858820225757195, -2.0001193470600738, 2.9998358121730098], "COSMOS-1598": [1.3137558364478388, 0.9936045467277159, -2.011523442321897, 3.0096359807218183], "CDFS7Ms-120": [1.1718066616185903, 2.0082156262581847, -1.9961468442482437, 2.5836253815613417], "CDFS7Ms-043": [1.1489792836483215, 1.0842482751231022, -1.996653772362797, 2.9922757110017977], "CDFN-542": [1.3504595769501964, 0.6939711333809004, -2.00131496671636, 2.999348577641992], "CDFN-142": [1.057058708125628, 0.6376087987350696, -1.9987891791064738, 2.9980733331354634], "CDFN-447": [1.0620151905293471, 1.6914158391359129, -1.997093181734614, 3.026369090321042], "CDFN-201": [0.9389523538266478, 1.062694881069984, -1.99799998898716, 2.9979488203232485], "AEGIS-aegis_263": [0.9759251296453229, 1.2253869645394184, -1.9947872760321748, 2.9961425913075264], "AEGIS-aegis_301": [0.9627895429866331, 1.0753969175621947, -1.9989586340036807, 2.999160584576474], "COSMOS-460": [1.3450352496927747, 4.053342960238403, -2.0014040878804282, 3.394681283503645], "COSMOS-1572": [1.268868672322043, 0.9877944995276517, -2.007565926562708, 3.0065875666530366], "CDFS7Ms-171": [0.6821418907745658, 0.6950674322494721, -1.9958030220875052, 2.9015877850214364], "AEGIS-aegis_663": [11.9002823397486, 2.942785645266471, -5.540633066613024, 6.358026927014855], "AEGIS-aegis_580": [2.093010892005413, 0.7391944566810761, -2.157593982240597, 3.157543841415393], "CDFS7Ms-020": [1.3697288952274476, 2.179713306763989, -2.0060037776434316, 2.9643326698598162], "AEGIS-aegis_853": [1.124570367783808, 0.732270479571905, -2.026059822429845, 3.0242344585569687], "COSMOS-562": [1.1145364264257842, 1.5216864034574316, -1.9947293619353679, 2.998526411849265], "CDFS7Ms-013": [1.2175195550361215, 2.458778913169136, -1.997233361426808, 3.0173808494006105], "CDFN-158": [1.1204699679817385, 0.7272134572673723, -1.99987885551334, 2.998836163642502], "CDFN-70": [1.3875646210121502, 2.685678477448877, -2.001849075235275, 3.0436294478734887], "AEGIS-aegis_919": [1.4987576717107582, 1.736030573457734, -2.0308688029350144, 2.9314871107154463], "COSMOS-879": [1.112198687712736, 1.617633890149837, -1.9948052548077801, 3.0212729090595634], "COSMOS-840": [1.0917403384320676, 1.2404127868803236, -1.9976090532949329, 2.9932690724287285], "CDFN-681": [0.9517326720738191, 1.2975729415841102, -1.999962647149924, 2.9941299031929383], "COSMOS-783": [1.2087278277451272, 1.045523866720656, -1.9985844047757464, 2.9982313189732066], "AEGIS-aegis_030": [1.0691120825438372, 1.1939091266247979, -1.99940689119925, 2.998337737030364], "COSMOS-140": [1.1011834590734684, 1.2552177345904005, -1.9994627494729271, 3.002636918065618], "AEGIS-aegis_004": [1.0502112643094452, 0.997276390457615, -1.9995604796479378, 2.995207011698659], "CDFS7Ms-138": [1.0888403089381402, 2.11392243985295, -1.999847136612456, 2.9658352358848195], "CDFS7Ms-091": [1.3209725462612167, 2.5472857620707776, -2.0023293824077775, 3.0078426843562136],