{"CDFN-612": [1.0732484072556907, 1.2610589388439206, -1.9998638052335103, 3.0005490000000608], "CDFN-386": [1.116502040459057, 2.318061127397089, -1.9998303746258557, 2.6957732619433106], "AEGIS-aegis_729": [1.0156978278658764, 0.9685592711842518, -1.9994686101724226, 2.9984825932633807], "CDFN-142": [1.1735524440009635, 1.2202210814969623, -1.992704460592762, 2.990109475291786], "AEGIS-aegis_331": [1.1342697877766603, 1.0573301208579688, -1.9981401666659808, 2.996843221045072], "CDFN-438": [1.3080557563389328, 0.8888261746986533, -2.0065974933348687, 3.006577613163854], "CDFN-495": [1.0772128121306968, 1.0722436773607942, -1.9934431437428555, 2.987304121852752], "CDFN-169": [1.1163575674530528, 0.6587228580101647, -1.9996580759726759, 2.996288450438932], "AEGIS-aegis_034": [1.4511769964577914, 0.8198916283428468, -2.011463563192642, 3.0103572013123623], "CDFN-462": [1.0262794304135114, 1.0122068625295946, -1.9953508328689393, 2.9952219712736743], "AEGIS-aegis_781": [1.2788649327894932, 1.8886750861593007, -1.9972257812938605, 3.0248564665594624], "CDFN-38": [1.014185528943361, 1.1380068852129788, -1.9993537254479055, 3.00105230434208], "CDFS7Ms-214": [1.4422141665820303, 0.8744789037870269, -2.0172572637748494, 3.0158039852839904], "CDFN-390": [1.0326579228324038, 1.2608675150127655, -1.999152303483823, 3.0000139471104927], "CDFS7Ms-112": [1.530130791316639, 1.403206390603728, -2.0083304502840758, 3.014410294584974], "CDFN-201": [0.9297283171822361, 1.1326630666962383, -1.999257179909314, 2.9963681032194467], "CDFN-257": [1.1276609319935158, 1.3209175487977227, -1.9989613280095129, 2.9985512600712676], "CDFN-105": [1.1716787852139816, 0.8866409977783347, -1.9993095429335743, 2.998671766197777], "CDFN-570": [1.194987425710979, 2.340271657013834, -1.9990849557209318, 2.9623523710043447], "CDFN-8": [1.0927745387048733, 1.1708160543195152, -1.9984904739986498, 2.996303890437665], "CDFN-373": [1.034831594692007, 1.2023123428543148, -1.9992336419818293, 2.9998599571986433], "CDFS7Ms-077": [5.659597207842463, 1.1740113840377404, -0.09424847097004475, 1.0942773457279507], "CDFN-144": [2.115369193402654, 0.8767593023016931, -2.3880527054203204, 3.3839309448346135], "CDFN-492": [1.3524296722594469, 0.4485687597160566, -2.46924077782564, 3.4689149901214456], "CDFN-571": [1.344374079354488, 0.8558818026494424, -1.9999393503123226, 2.997107765879034], "AEGIS-aegis_301": [1.8535364479894794, 0.6458456684945926, -2.4128386108228153, 3.4125180779084534], "AEGIS-aegis_845": [1.0518654959128857, 1.7071061367546627, -1.9983036636397529, 3.028288723500098], "AEGIS-aegis_076": [1.0429578962755401, 1.1501236096272633, -2.000086560862232, 3.000055180930091], "CDFN-177": [1.203131778511819, 2.0059210763798925, -1.9973085336158956, 3.0715557768445603], "COSMOS-1650": [1.0804742271794607, 1.0463146834452453, -1.9948460867343967, 2.9950527800945306], "AEGIS-aegis_625": [0.974507284663962, 1.3448204364690857, -1.9985014637136767, 3.001185797568149], "CDFS7Ms-080": [1.313727755651962, 3.3242424898824554, -2.0006816999764663, 3.315365057711534], "AEGIS-aegis_276": [0.998641357693995, 1.0477469222578464, -1.9990513973946455, 2.999052139516328], "CDFS7Ms-043": [1.425344220228101, 1.6954851131599487, -2.0134720641288046, 3.0360763356420093], "CDFN-101": [1.3079580516018536, 1.6511350608297404, -2.007105406809392, 3.0067277782984556], "AEGIS-aegis_853": [1.0866804035081887, 0.94066794262698, -1.9922047517765127, 2.9897385697346017], "CDFN-542": [1.1128455372731854, 0.9913051711216387, -1.997354431407047, 2.9948415650770017], "AEGIS-aegis_773": [1.1724121061600943, 1.7581227510511288, -1.9981790862948896, 3.028226408293323]}