{"AEGIS-aegis_755": [1.1106525794555635, 1.1602517398295626, -1.9957865659836922, 2.9943271991474187], "COSMOS-1534": [1.1398231163528005, 1.007076242252031, -1.9979694333644287, 2.9950571847436454], "CDFN-553": [1.2474156304733386, 2.478265995485624, -1.9999125191022264, 2.2498397430306345], "AEGIS-aegis_100": [1.2917738147611755, 0.4332887901158967, -2.42639114637607, 3.426095834434403], "AEGIS-aegis_649": [1.1071352956083698, 1.4512461993914059, -1.9998670890044816, 3.0083181679575155], "AEGIS-aegis_724": [1.0142438504317273, 1.4075671144074815, -1.9999069888380074, 3.0104353058265794], "COSMOS-1611": [1.3041097039896472, 0.9757066489228055, -2.0174197379529164, 3.0154711206273115], "CDFS7Ms-046": [0.6799680500226282, 0.24236950145268615, -2.2342518642614007, 3.234157403045362], "CDFS7Ms-146": [1.143287286210588, 1.478115212345713, -1.9979389352666403, 3.008725232208225], "CDFN-413": [34.708426405494535, 0.957296441299196, -16.292969799592413, 17.2927162339961], "AEGIS-aegis_056": [1.111203715821996, 0.6297659676343239, -1.9901564693000555, 2.990030776014707], "AEGIS-aegis_434": [1.1162666906785828, 0.6849860325757533, -2.0005626884402066, 2.9991058913172517], "CDFN-166": [0.9959058930243883, 1.240853600561715, -1.9957147493648835, 2.9982664559480856], "AEGIS-aegis_380": [1.1055420037207022, 1.376596562409238, -1.9967455986779086, 2.9956523913365958], "COSMOS-1479": [1.2268197984666536, 0.9957889514596835, -2.003983279348145, 3.003564854741822], "CDFN-646": [1.125458059061649, 1.0429347111121512, -1.9998847327391192, 2.9973740018934723], "CDFN-654": [1.1321185940471543, 0.7009350453680321, -1.998865489322827, 2.9986781167679317], "CDFN-488": [1.1746357652278732, 1.323815429145815, -1.9994759575596808, 2.999607690662071], "CDFN-35": [1.172563630937066, 0.8609240728772207, -2.0004121380155526, 2.9998188015331415], "AEGIS-aegis_603": [1.013748307325224, 1.1873125037982206, -1.9996604340798831, 2.9929988382932446], "CDFN-534": [1.0577146845977878, 0.8010851601068341, -1.9987429509293757, 2.9986467722582537], "CDFS7Ms-034": [1.4601924975400857, 2.9740310129485916, -2.003314082876001, 2.9078868407250393], "CDFN-233": [1.1052030011356186, 1.135868842779234, -1.9941562897645535, 2.979730631358584], "CDFN-499": [1.0061370233292728, 1.188638852836084, -1.9970750642084212, 2.9985382790489323], "CDFS7Ms-097": [1.287887417405641, 0.6505807644705532, -2.0133282367314185, 3.012429200900185], "AEGIS-aegis_362": [0.9589449198871128, 0.7493405903227758, -1.9976506105860696, 3.006620660995282], "CDFN-171": [1.1417105655478137, 0.9733814958646898, -1.9994077192283464, 2.9950789390851775], "CDFN-183": [1.119139387604617, 1.1601658660800576, -2.0003363628725164, 2.995371123098133], "AEGIS-aegis_804": [1.246442930156952, 1.3025267398126776, -2.0034489260443884, 3.003946583192403], "AEGIS-aegis_309": [1.1369776649375196, 1.0295346941490993, -1.99585596582408, 2.9957425197766883], "AEGIS-aegis_607": [1.0230088294824173, 0.6200032327906729, -1.9951020329900144, 2.9935061463359247], "AEGIS-aegis_586": [1.1506172127520642, 1.9024400119853797, -1.9978165311178355, 3.035267478043961], "AEGIS-aegis_532": [1.0163714714100003, 1.2412067537228078, -1.9973003557806304, 2.9984742239454887], "COSMOS-1527": [1.0956202117832428, 1.3902981958589948, -1.9978963253202182, 3.004663846992749], "CDFN-125": [1.1823849183524708, 1.4582369507416266, -1.998821431399894, 3.006648870691695], "CDFS7Ms-474": [1.5237286906052168, 0.5156251329976866, -2.3936392258981063, 3.3934736820581444], "CDFN-610": [1.0641558107469837, 1.7228374567343696, -1.999660002670174, 3.027247697319824], "AEGIS-aegis_562": [0.983325406231243, 1.1500477209583775, -1.9994552292040837, 2.997820735232632], "CDFN-378": [1.2291766345672959, 1.7069158477681943, -2.000895170450419, 3.0307109110578194], "COSMOS-1578": [1.1219357405121915, 1.3963057289921186, -1.989570132285695, 2.9852655085690802], "CDFN-562": [1.046748344212983, 1.2420573880117498, -1.9970449470224785, 2.982968222540708], "AEGIS-aegis_883": [1.2448669772968066, 0.4722669230668669, -2.3859567132667046, 3.385427699340196], "AEGIS-aegis_471": [1.317255846102378, 0.5246162859335273, -2.3982066482985767, 3.393486890324863], "AEGIS-aegis_463": [1.1623349587211558, 0.8717947639816488, -2.0007925138989653, 3.00004481015113], "AEGIS-aegis_683": [1.0265452870694096, 0.5897802886445085, -1.999121660815379, 2.998777074790018], "CDFS7Ms-026": [1.4208208387744967, 2.7240302965585745, -2.0008187198465324, 2.574771071838643], "CDFS7Ms-116": [15.880668813080884, 1.7787589853161796, -3.6894774900176133, 4.698747348254991], "CDFN-559": [1.2244982566341092, 0.7372930939196591, -2.002211790604858, 2.999745528594344], "AEGIS-aegis_485": [1.202010970737971, 1.445244731186534, -2.001811231539782, 3.005563607636187], "AEGIS-aegis_752": [1.3164375112535036, 0.9744700958816022, -2.020675922109997, 3.018998160435208], "COSMOS-1532": [1.113074028826674, 1.0418001685480769, -1.9998687405376931, 2.9954304121714346], "AEGIS-aegis_550": [1.0903064026858273, 0.9574994589777692, -2.0004335772627346, 2.9963476295751583], "AEGIS-aegis_673": [1.0908073861672594, 0.9797964656359672, -1.997906395214767, 2.996963750171747], "AEGIS-aegis_734": [1.3509100985016849, 0.9744959099346724, -2.0341448435237073, 3.0323558909936166], "CDFS7Ms-410": [1.0476803621651893, 1.1191369245874285, -2.0000592715075767, 2.9883050659077117], "AEGIS-aegis_490": [0.9204173490477227, 1.005063651897489, -1.998094886579678, 2.9910854309292674], "AEGIS-aegis_095": [1.2147322261039002, 1.1202687038741908, -2.002576565308756, 3.0018080853919815], "AEGIS-aegis_194": [1.0592976938491843, 1.6697991466002162, -1.999634805747744, 3.040186541910806], "CDFN-59": [1.136051393937327, 1.4779004956237682, -1.9981687811790498, 3.000128439664719], "CDFN-50": [1.1587223327914784, 0.7031959531653882, -2.000318352848472, 2.999837566774392], "CDFN-430": [1.2740096037106572, 2.7824560087795116, -1.999053376084777, 2.8634250349137726], "AEGIS-aegis_416": [1.2131940489328406, 0.516662214535597, -2.408386724342381, 3.407738386464419], "CDFN-222": [6.689618085212167, 0.7245879765320156, -3.283229099435175, 4.2831266981255744], "AEGIS-aegis_732": [1.1111361716188575, 1.0141584503870023, -1.995208507667633, 2.987123177501115], "AEGIS-aegis_521": [38.893881002809394, 0.8493437349938895, -23.80016006705402, 24.799944493668246], "CDFS7Ms-412": [0.9776352594297046, 1.170033293432306, -1.9974173701453135, 2.9978685558926417], "CDFS7Ms-437": [1.3078221088727529, 1.0453044684440456, -2.0149107978564476, 3.014873659880417], "CDFN-69": [42662341.859680235, 1.2697297558944332, -16724523.369249035, 16724524.367738346], "CDFS7Ms-262": [1.3099869265162907, 2.6258104126423856, -2.002402689413926, 2.773106973274802], "CDFN-337": [1.0169407367826486, 1.169893994688654, -1.9964465796224435, 2.9973854810172122], "AEGIS-aegis_497": [1.1745944990376207, 1.5458270396921592, -1.998246058164707, 3.0165885907171486], "CDFN-235": [1.1329579103938434, 1.0503403325234548, -1.9979023125148878, 2.9942731100756763], "AEGIS-aegis_384": [0.9711926226914929, 1.1294845921726755, -1.9999763150854073, 2.99377427379373], "CDFS7Ms-460": [1.0502896767335532, 0.6498548390782495, -1.9975035589207844, 2.993076711927876], "AEGIS-aegis_465": [1.2478622845973701, 1.2706417153443215, -1.9985978710252177, 2.9875398453623605], "CDFN-123": [1.25514046487287, 0.772178891706023, -2.000453059466085, 2.9938228316630795], "CDFN-491": [1.0056558465282688, 1.2952267479350468, -1.999546036039437, 3.0061514140668546], "CDFS7Ms-298": [1.1099166643166691, 1.1978030016226748, -1.9949223620770484, 2.9906578228377696], "CDFS7Ms-263": [2.478769466509228, 1.5052280894720862, -2.2953410809007178, 3.2868236097049337], "CDFN-200": [1.3086834133996361, 1.6741593183557426, -2.0034718665729807, 3.016408250574032]}