{"CDFN-297": [1.2203776456466673, 2.537083004510822, -2.0010769207927304, 3.1918918076746428], "CDFN-439": [1.5172943375887846, 0.9472372173352358, -2.037452066743612, 3.0361815502140055], "CDFS7Ms-047": [18589.418436599663, 15.580683569813871, -1968.0823035713338, 1969.8179214345273], "CDFN-504": [1.1025283367313206, 1.1296822372580446, -2.0000391499440457, 2.9944173262834135], "CDFN-526": [2.3844034998077297, 1.1860904517218451, -2.2891061017296064, 3.2848227380726835], "AEGIS-aegis_475": [1.1009613549314392, 0.7310721945954389, -1.9993442822028942, 2.9962848853304713], "AEGIS-aegis_359": [1.3068619015347158, 1.3424129209447937, -2.0010025418698847, 3.0081691596881237], "CDFS7Ms-406": [1.1243510560080041, 1.3383422328215326, -1.9998910042994535, 3.007237933391748], "CDFN-267": [1.0682482143435643, 1.3491344121200406, -1.9966478299033024, 3.0048337830496474], "AEGIS-aegis_090": [1.0963395542300047, 1.3023177010819191, -1.9974611064277443, 2.9893622873772308], "CDFN-158": [3.061616397103557, 1.3129168328000644, -2.640456585371356, 3.640391324814667]}