{"AEGIS-aegis_442": [1.1743215877740192, 1.0723952157015575, -1.9922395224857699, 2.990963428072628], "AEGIS-aegis_136": [1.029835717311332, 1.6460629298164557, -1.999931086211626, 2.971850423008895], "AEGIS-aegis_718": [1.1358931913000196, 1.7966009443229454, -1.9959519384189188, 3.0498681734556126], "COSMOS-1577": [1.1616356517745792, 1.1778420415312976, -1.998985904561919, 2.9982668273189805], "CDFN-579": [1.1988978848060774, 0.7757584186343152, -2.002349521069658, 3.0018920678176744], "AEGIS-aegis_066": [1.18668137985937, 1.4828677018532626, -2.0006131549088186, 2.9954499462919015], "CDFS7Ms-434": [1.2924437031308227, 1.813651935905129, -2.008338572781495, 2.913941131228336], "AEGIS-aegis_011": [1.3337268727657694, 2.299324711059654, -2.0027499361827124, 2.919941376125017], "COSMOS-1436": [1.2353748913550666, 0.8238527586105069, -2.0027408160839464, 3.002365710174424], "AEGIS-aegis_200": [1.0951344319509313, 1.9687482669364789, -1.999490384348654, 3.04522853703799], "CDFS7Ms-028": [1.1238587865861565, 1.0546662486493896, -1.99712731965049, 2.99287342576439], "COSMOS-877": [1.217130853947853, 1.386120826442089, -1.9930718900158926, 2.9804038034978158], "AEGIS-aegis_110": [1.3497926928916186, 0.43828607859829605, -1.9548218485592561, 2.9547609356239595], "CDFS7Ms-570": [1.2399090133011483, 1.7904661609150656, -1.9996199734344562, 3.0323017843307896], "COSMOS-660": [1.1635562039287042, 2.0707334077697968, -1.9986105964385734, 3.0186771394808325], "CDFN-63": [1.113687647651881, 1.8910276217091095, -1.9985703309330578, 3.0194624445868548], "COSMOS-1465": [1.1332601616679665, 1.0448086576944178, -1.9996540458066605, 2.99472453674412], "AEGIS-aegis_163": [1.2799355999207869, 0.710395411397545, -2.014317270864045, 3.0137216317023396], "AEGIS-aegis_251": [1.30996028863663, 2.713573829447345, -2.0019613457645202, 2.608239761975767], "AEGIS-aegis_506": [1.0772745575353981, 1.0685049796491528, -1.9967871465656573, 2.993845536852217], "AEGIS-aegis_549": [1.2546140905580208, 1.9805439361633042, -2.0001316199962944, 2.8334159004641246], "COSMOS-1649": [1.2940787402707017, 0.4599767176265547, -2.4062774501201085, 3.40606523240377], "COSMOS-773": [1.0924429188335365, 1.4413250299929232, -1.9987561632816908, 2.9879411628331747], "COSMOS-754": [1.1998765931809794, 1.0064705987014433, -1.9909236059022617, 2.9907018754246484], "CDFN-505": [1.199501134383945, 0.9304467285942111, -1.988796964510017, 2.9815124934053854], "COSMOS-1467": [1.13215787771807, 1.048488184263681, -1.998889287267254, 2.9894566309863633], "CDFN-303": [1.1180114794037803, 0.417376202617234, -2.4076415580331614, 3.407375212148403], "CDFS7Ms-315": [1.1149799673987784, 1.1877938410556776, -1.9971664059701677, 2.997468800748012], "AEGIS-aegis_049": [1.289962553465569, 1.5902270068370912, -2.005335135952878, 2.9837561081714004], "CDFS7Ms-211": [1.2147559376782482, 2.4101920741414364, -2.0009620021700902, 2.253293264242774], "CDFN-84": [1.1682734153061767, 2.267472726892124, -1.9975528271450904, 2.9304529507718162], "COSMOS-1635": [1.1591023457138676, 0.3811807377704657, -2.4434832141794898, 3.443387218625123], "AEGIS-aegis_225": [1.3104685118281862, 0.4110821132891055, -2.462086334370179, 3.461429825844749], "COSMOS-1624": [1.1933138348011307, 0.8009100222192289, -1.9796814037611818, 2.9773586507333873], "AEGIS-aegis_750": [1.3062164585429046, 0.7378367141990114, -1.9979551467649879, 2.9974983362493477], "AEGIS-aegis_235": [1.1880135590697911, 1.5473439473477466, -1.9982602000797844, 3.0047647049185753], "CDFS7Ms-458": [1.369447186239234, 0.9908703828493026, -2.017013052194701, 3.0153550969141767], "AEGIS-aegis_453": [1.3917100108673846, 1.8593202649195157, -2.0079262757621787, 2.964286920246746], "CDFS7Ms-048": [1.6230662478414941, 2.5288635397650676, -2.0280397851621674, 2.956227131173627], "COSMOS-1431": [1.1785852344805487, 0.7562579309048836, -2.0032687165350413, 3.0011450096176997], "CDFN-160": [1.2147348214205989, 3.065027981370375, -2.0008556564867495, 3.252988257238429], "COSMOS-680": [1.2513697941865312, 0.7877876061388953, -2.005670567169502, 3.003628180169841], "COSMOS-1463": [1.2244612002215098, 0.9271750777200947, -1.9948600311080857, 2.9943231540734403], "AEGIS-aegis_513": [1.1440867516699482, 0.6531560976471786, -1.996557399114053, 2.9953036643244904], "COSMOS-597": [1.1377587551184396, 1.4496763442123446, -1.997874828150099, 2.9678972758104587], "COSMOS-1494": [1.2384390080055372, 0.9243911855602234, -2.000428787848458, 2.999900708736196], "CDFS7Ms-155": [1.350769935500905, 1.4627460204564542, -2.0113738427133616, 2.7152957540361067], "AEGIS-aegis_358": [1.1626350301398514, 1.1706796134122806, -2.0002483203727164, 2.9988363820692134], "AEGIS-aegis_370": [0.9703649744826951, 0.9856111613947741, -1.9997350058224517, 2.995324526551821], "AEGIS-aegis_712": [1.1128848962756002, 0.9884181820560627, -1.9967937573553969, 2.9946965883094006], "CDFS7Ms-271": [1.5520199895791829, 1.4346728866040914, -2.052051601639911, 3.049068659772187], "AEGIS-aegis_588": [1.1180168163327555, 0.9656181721743757, -2.0006618010047363, 2.994980323813246], "COSMOS-1560": [1.106272289591267, 1.0155565177783, -1.9992569465589376, 2.996778286856963], "AEGIS-aegis_316": [1.2563109140322428, 0.9186220140547602, -2.0037931697392892, 3.002711838671803], "AEGIS-aegis_685": [1.0759979471978074, 1.1939669428181463, -1.999150268363196, 2.995978233130808], "AEGIS-aegis_233": [1.1578540987050063, 2.223025041139213, -2.000890106503694, 3.0769645104313743], "AEGIS-aegis_807": [1.1316515021228373, 1.275988528166772, -2.0007126424506834, 2.985298637008097], "COSMOS-1632": [1.2545114040389223, 0.786804669809695, -2.0065892570829322, 3.006438522422764], "CDFN-161": [1.188546710242101, 1.505597261732635, -2.001930841893761, 2.9778821922904855], "AEGIS-aegis_470": [1.1334771877093939, 2.2348317136088873, -1.998421052052011, 2.8969765350578083], "AEGIS-aegis_259": [1.355452046479503, 2.082489527127341, -2.0035151728589624, 3.0028567612647548], "AEGIS-aegis_114": [2.2243044483980494, 0.7726228142453104, -2.1688056563979585, 3.168505001800299], "AEGIS-aegis_168": [1.1740371368059561, 1.0615322390004889, -1.9986477343072213, 2.993462132487431], "COSMOS-1645": [1.1580752540219352, 1.4767421640740197, -2.0002984692752563, 2.988797452370391], "CDFS7Ms-037": [1.1639352961645124, 3.084140902496779, -1.9993762026579407, 2.192970719693339], "AEGIS-aegis_160": [1.1924675548078796, 0.9332976409441003, -1.9999550747340562, 2.9978167719612934], "AEGIS-aegis_117": [0.96843070784676, 1.5345658042487647, -1.9961022958502626, 3.0455943926880447], "CDFS7Ms-260": [1.318188426097652, 2.4446203511401836, -2.0031691703722805, 2.2558588629895424], "AEGIS-aegis_525": [1.1411784464757528, 1.7026256099357369, -2.0002750477349567, 3.021217557159904], "COSMOS-610": [1.190211505436935, 1.501888584052297, -1.9999064697443099, 3.003002965615789], "AEGIS-aegis_813": [1.051807180298312, 0.8831196151254515, -1.9999061878079512, 2.9989510379745186], "AEGIS-aegis_027": [0.9857141614627565, 0.5294996316478024, -1.996007108243074, 2.996015885357522], "CDFS7Ms-072": [1.5166066990663276, 3.0056085680015965, -2.0139319842675434, 2.494950199797369], "AEGIS-aegis_089": [1.0749017732854669, 1.5178811624710273, -1.9983834314649997, 3.0153994946633365], "AEGIS-aegis_779": [1.3945986202542195, 1.4063492150393824, -2.0145749978376597, 3.018578174675977], "CDFN-366": [1.224033478361366, 0.830379085843723, -2.0061408151865354, 3.001792353443424], "CDFS7Ms-243": [1.4586241546483307, 1.631269160523465, -2.015123512689498, 2.6055641610616482], "COSMOS-1448": [1.2060222271220256, 0.9980904782985895, -2.015411728785935, 3.014391850400149], "AEGIS-aegis_152": [1.2204735238074593, 0.9151516957767705, -1.9969307019861189, 2.9967216948883966], "AEGIS-aegis_075": [1.1000191651330422, 1.1491751008435331, -1.99689341733697, 2.9976541182529197], "AEGIS-aegis_065": [1.229784340962677, 1.6096910413951118, -1.9995648667928865, 3.0030707838210273],