{"AEGIS-aegis_442": [1.232538797622015, 0.8646248045204741, -2.000503067772041, 2.999766523028078], "AEGIS-aegis_136": [1.0627082873216858, 1.354336135787969, -2.0001515954238323, 2.988278268774697], "AEGIS-aegis_718": [1.210819496359499, 2.323222526153865, -1.997895679946814, 3.086862771420833], "CDFS7Ms-260": [1.270166574934155, 2.3532818511780076, -1.999218023773061, 2.425598158935374], "AEGIS-aegis_770": [1.0081021815572644, 1.1701227860428585, -1.997651877298035, 2.994363539070951], "CDFN-351": [1.082307768558748, 0.9581729877108545, -2.0223013954122937, 3.01983375477047], "CDFS7Ms-434": [1.23949777203527, 0.996467077695526, -2.002138413453182, 2.9997640766729923], "AEGIS-aegis_011": [1.1349024346153664, 1.559905520608492, -1.997436761741053, 2.9871854843836942], "COSMOS-1436": [1.1715992925818641, 0.868128852169244, -1.999735996526374, 2.999529519714723], "AEGIS-aegis_200": [0.9894036633742407, 1.020656100554976, -1.9984609756694751, 2.99830443372304], "CDFS7Ms-028": [1.0259197059087137, 1.1202240560130066, -1.999414102984823, 2.997159910007063], "COSMOS-877": [1.0837701334032601, 1.0381573234178607, -1.99903627590869, 2.9989758152538952], "AEGIS-aegis_110": [1.1430898414162103, 0.9334640904564842, -1.9922803216383258, 2.9917634720462605], "CDFS7Ms-570": [1.0152886323356523, 0.9560878576749294, -1.9973512619490121, 2.996451810362464], "COSMOS-660": [1.1535124927233604, 1.6330455824313255, -2.0006113480030177, 3.0181904315124015], "CDFN-63": [0.9906980370162746, 1.0787160281778787, -1.999818191831091, 2.9987092652631935], "COSMOS-1465": [1.2143893669917265, 0.8936161098136743, -2.002723577673735, 3.0025429981562315], "AEGIS-aegis_163": [1.017086181778564, 1.0126022011705254, -1.9975873517560403, 2.9956968182864183], "AEGIS-aegis_251": [1.2093195828624612, 1.1272635650609442, -2.0043485287264775, 3.003597784673211], "AEGIS-aegis_506": [0.9116029805741697, 0.8641607075850231, -1.9979067765770395, 2.993976282009142], "AEGIS-aegis_549": [1.178364449630232, 1.3048971446281865, -1.9991007460536565, 2.9930668979760613], "CDFN-530": [1.1066816343466526, 0.9698466354325685, -1.9991060372037115, 2.9979988954934007], "COSMOS-773": [1.1127050878548395, 1.2528673776854546, -1.9978822432032652, 2.9910140717147464], "COSMOS-754": [1.197128492504848, 0.9493394048874341, -2.0122464183690028, 3.0118502585425193], "CDFN-505": [1.0458243171115245, 0.8571400106230684, -1.998403613438756, 2.995202922473215], "COSMOS-1467": [1.0965762738969627, 1.0565125208595252, -1.9985443075256004, 2.9981095951443195], "CDFN-303": [1.2090765737849263, 1.0514501975190815, -2.001838511811842, 3.001613525309443], "CDFS7Ms-315": [1.084421152178916, 1.4070659409022337, -1.9998868923567712, 3.0084632816522205], "AEGIS-aegis_049": [1.1617850220987687, 1.2297206107425516, -1.9977988088227616, 2.9939676892768103], "CDFN-84": [1.1958727398808255, 1.6680506122451972, -1.9914226813039817, 2.9691588947004073], "COSMOS-1635": [1.0759496308224468, 1.012164332179872, -1.9988951833429605, 2.9981982659147044], "AEGIS-aegis_225": [1.0671167463296238, 1.473723958511512, -1.9976997246320036, 3.0064271724681833], "COSMOS-1624": [1.1195721151542841, 0.9439406187791524, -1.9997623529364728, 2.9995913614468885], "AEGIS-aegis_750": [1.160383861517291, 1.0486885795712526, -1.98944413086048, 2.9889749585310463], "AEGIS-aegis_235": [1.0499547371426727, 1.448140750434153, -1.9977386115982587, 3.010457999618497], "CDFS7Ms-458": [0.9429516310924788, 0.880080574363464, -1.9949842136560187, 3.0075702489800404], "AEGIS-aegis_453": [1.2717232872031394, 2.0351926093484476, -1.9967909213317816, 3.0177978354842163], "CDFS7Ms-048": [1.5908163479654878, 1.3224212683315675, -2.053665859381693, 3.0536133340045435], "COSMOS-1431": [1.0856841227433314, 1.0370948044644486, -2.000497472360199, 2.999746126100308], "CDFN-160": [1.018500167325148, 1.3997905326349493, -1.9998593898613377, 3.02171939105658], "AEGIS-aegis_501": [1.0434956891455185, 1.221297639368669, -1.9969702299435408, 2.994766653949117], "COSMOS-1463": [1.1696110044741341, 0.7619497829181228, -1.988968191446081, 2.9879690544792297], "AEGIS-aegis_513": [1.220962801508456, 0.9760751916402253, -2.0038427444980367, 3.0014745239181293], "COSMOS-597": [1.1614139150830116, 1.8576538684630466, -1.9971987508523759, 3.042001045377813], "COSMOS-1494": [1.1264506697536993, 1.1947911806942895, -1.9999777796560658, 2.9986757239493382], "CDFS7Ms-155": [1.3296805790967243, 1.9810072573158986, -2.0053945408951104, 2.9294453292663594], "AEGIS-aegis_358": [1.0577434754642558, 1.1540276215037026, -1.9980986617860461, 2.996063255371949], "AEGIS-aegis_370": [0.9911516234757274, 1.059725351213751, -1.9998790183839938, 2.9988806667057633], "AEGIS-aegis_712": [1.0204289446900723, 0.9036355278655045, -1.9991130640172812, 2.9976274778509], "CDFS7Ms-271": [1.1662104591004465, 1.374645032568251, -2.0006394241102043, 2.967547782665343], "COSMOS-725": [1.148780497767513, 1.107322946591345, -1.9952386862026301, 2.987448440151422], "AEGIS-aegis_685": [1.0220590305078603, 1.359725636045055, -1.9930486218350962, 2.99365614809216], "COSMOS-1560": [1.084176886345989, 0.8621314460612058, -1.9995336158786838, 2.9968522903015695], "AEGIS-aegis_316": [1.1630287710770097, 0.9885693366105801, -1.999411639291075, 2.9986893188894603], "AEGIS-aegis_066": [1.120925925459278, 1.6376686647185157, -1.9990750538879019, 3.000217512263995], "AEGIS-aegis_290": [1.0725882654326968, 1.2949057058840674, -1.9946367273359027, 2.9893530020153105], "AEGIS-aegis_233": [1.054084673394699, 1.5010189425031186, -1.9996224302617338, 3.0144852687201773], "AEGIS-aegis_807": [1.0852995070389757, 1.3406224263877315, -1.9968220841682442, 2.99609229142336], "COSMOS-1632": [1.1831434386382154, 0.949150813643634, -2.011870158606233, 3.0101227801453274], "CDFN-161": [1.1767020412601794, 1.4099569688258764, -1.9997941290815557, 2.9901969500831145], "AEGIS-aegis_470": [1.3386737696724444, 2.268377656552056, -2.0014216844604027, 3.042126931259716], "AEGIS-aegis_259": [1.1733524656328456, 1.3600275831254365, -2.000099568102426, 2.9997559482660705], "AEGIS-aegis_114": [1.0401433697646785, 1.6185604824440527, -1.9976396582730955, 3.0176267262259215], "AEGIS-aegis_168": [1.152815077416692, 1.4888113206052214, -2.0004610429832925, 3.0051879555026226], "CDFS7Ms-042": [1.2364491813958152, 2.051058937821195, -2.0015963904468124, 3.0010788319394455], "AEGIS-aegis_525": [0.9781938645016226, 1.2029512437302885, -1.9991408365466834, 2.9965631043398497], "AEGIS-aegis_160": [1.0207537637619037, 1.154871632174375, -1.9977509366700084, 2.997206703064309], "AEGIS-aegis_117": [1.095263317843522, 1.61406141106891, -1.999955952495192, 3.051697512836887], "CDFS7Ms-037": [1.1601141267349682, 3.0422555125071487, -1.9993285119015414, 3.44810224016497], "CDFN-131": [1.07267553412724, 1.3742256546768146, -1.9978034186681428, 3.001382249407703], "AEGIS-aegis_813": [1.1565595064416128, 0.9647661134995416, -2.000187352087434, 2.9984143141003345], "AEGIS-aegis_027": [1.0786363168008475, 1.2559799554691158, -1.999962087140095, 2.997234715844307], "CDFS7Ms-072": [1.1506634186425626, 1.5871834768180555, -2.0001525797512074, 2.981022156334788], "AEGIS-aegis_089": [1.1697656964545209, 0.7304606472436594, -2.001005060085461, 3.0008873033736574], "COSMOS-1525": [1.1099994558446231, 1.1065701346118466, -2.0001377070305555, 2.9931907133613826], "CDFN-366": [1.2703548665320783, 0.7254225397744773, -2.03327466770632, 3.030719214127311], "CDFS7Ms-243": [1.1734805388930696, 1.7373535941400227, -2.0002545910323697, 3.0043018323654715], "COSMOS-1448": [1.2132999578314445, 1.031455651797177, -1.999979319013172, 2.998536467908469], "AEGIS-aegis_152": [1.0672336529781603, 0.9421371820518979, -1.9995523670493092, 2.9964736721963545], "AEGIS-aegis_075": [1.2255043364097538, 2.335566913722909, -2.0013601633774205, 3.0605105585189625], "AEGIS-aegis_065": [1.0674120005876517, 1.281921230434261, -1.9992049351850107, 2.9942571945475787],