{"CDFN-612": [1.1294180462608523, 0.9775736751967454, -1.9985392614161888, 2.9983628991045483], "CDFN-386": [1.1327220352909233, 2.0740356637578525, -1.9996901742653284, 3.0504828303810716], "AEGIS-aegis_729": [0.9859727082164609, 1.2218146429351948, -1.999907174818538, 3.0003302610859475], "CDFN-142": [1.057058708125628, 0.6376087987350696, -1.9987891791064738, 2.9980733331354634], "AEGIS-aegis_331": [0.9948316955942931, 1.0143500303098414, -1.999766193531525, 2.999529795534549], "CDFN-438": [1.0480731676528627, 1.123547385294644, -1.9997545879632064, 3.000557014230049], "CDFN-495": [1.073285648146163, 1.0464174748747614, -1.9969488037987473, 2.9905069403155458], "CDFN-169": [1.1157086307305188, 1.1511479489330245, -1.999185396792334, 2.9944944934942175], "AEGIS-aegis_034": [1.0861074949147471, 0.9856325053997603, -1.998075915112469, 2.9938220627703065], "CDFN-462": [0.9747558419971116, 1.3656965742635054, -1.9996903366240681, 2.998433850658282], "AEGIS-aegis_781": [1.2180969133784818, 1.2904115287981064, -1.9951737736838349, 2.9958642491737626], "CDFS7Ms-112": [1.1482671885622704, 1.1165886007542065, -1.9973513434828811, 2.9966190075627237], "CDFS7Ms-214": [1.089445797506483, 1.4140912123389686, -1.999231816951721, 3.007203112130372], "CDFN-390": [1.089539304830089, 1.252490798364139, -1.9998647646924912, 3.001216190527233], "CDFS7Ms-043": [1.1489792836483215, 1.0842482751231022, -1.996653772362797, 2.9922757110017977], "CDFN-201": [0.9389523538266478, 1.062694881069984, -1.99799998898716, 2.9979488203232485], "CDFN-257": [1.6872554228756234, 0.7386479578285601, -2.4001455851185898, 3.3987864167884148], "CDFN-570": [1.125323790891865, 1.3982425624105819, -2.000140031108721, 3.003880649083686], "CDFN-8": [1.166974859969868, 0.7061353952742067, -2.0014216469108, 3.0013384394918834], "CDFN-373": [0.9507562160741643, 1.1267450002515997, -1.9988517924628761, 2.9960204340971606], "CDFS7Ms-077": [1.1889679680554481, 2.1744468256821214, -1.9997183641852823, 2.9928085894654215], "CDFN-144": [0.9655873034220166, 1.1248499898874802, -1.9982545877480513, 2.9939287706577575], "CDFN-492": [1.1044301951680096, 0.9903285470683838, -2.000035192919692, 2.9990967810782596], "CDFN-38": [1.0960646181748719, 0.975558603775077, -1.9944367794115636, 2.9919527704812268], "CDFN-105": [1.0748433387771223, 0.9004684642363079, -1.9917850299288298, 2.987379930969759], "AEGIS-aegis_301": [0.9627895429866331, 1.0753969175621947, -1.9989586340036807, 2.999160584576474], "AEGIS-aegis_845": [1.032720212130419, 1.4350732156039425, -1.997837321411558, 2.9987370526203394], "AEGIS-aegis_076": [1.2734540549840598, 0.8973291188839818, -2.0076704287363856, 3.007013978983653], "CDFN-177": [1.1610998835865984, 0.9763782378039852, -2.0033510391011062, 3.0030685825697976], "COSMOS-1650": [1.0629574247320397, 0.9979324105179156, -1.9997016488391117, 2.999444211857143], "AEGIS-aegis_625": [0.9978590511781047, 1.0603404944059973, -1.9993746767542628, 2.999564350429236], "CDFS7Ms-080": [1.092148160447197, 1.6432776089304362, -1.9996738614838185, 3.0268184907303013], "AEGIS-aegis_276": [1.1336700106899347, 0.9464701022513979, -1.9964377387805876, 2.9959061213095604], "CDFN-101": [2.018212171189031, 0.8573469317919005, -2.1445995352610874, 3.143444726414323], "AEGIS-aegis_853": [1.124570367783808, 0.732270479571905, -2.026059822429845, 3.0242344585569687], "CDFN-571": [0.9882894930253443, 1.0579108515642823, -1.9984796117265466, 2.9976757226928914], "CDFN-542": [1.3504595769501964, 0.6939711333809004, -2.00131496671636, 2.999348577641992], "AEGIS-aegis_773": [0.9898526575533515, 1.1771960057423976, -1.9994554384387417, 2.9968753682299276]}