{"CDFN-297": [1.141324680140048, 2.1560560333059726, -1.997620713803795, 3.055398900581272], "CDFN-439": [1.3289171231561272, 0.938769920793915, -2.018735592283756, 3.017806490538927], "CDFN-267": [0.9244132255869659, 1.0257390408036988, -1.9951713110947107, 2.989537798169545], "AEGIS-aegis_090": [2.017499760954836, 0.8437597528286939, -2.332602240562008, 3.330534827594631], "CDFN-504": [1.2726229298599958, 0.9566599094955472, -1.9914495171067066, 2.9884697127730844], "CDFN-526": [1.1255906303433787, 1.238463818167114, -1.9994358105262484, 2.9998374285775427], "AEGIS-aegis_359": [1.4093087640877218, 0.9469048044276231, -2.011460963040034, 3.0101296321560738], "CDFS7Ms-406": [1.2874905476295524, 0.7216524323687097, -2.0048237541569947, 3.0048128217131973], "AEGIS-aegis_475": [1.254932091073877, 0.8986950696588775, -1.9896223757777438, 2.989034601044167], "CDFS7Ms-047": [1.0659899336307739, 1.2984159294692434, -1.9880635758521916, 2.962356056773735], "CDFN-158": [1.1204699679817385, 0.7272134572673723, -1.99987885551334, 2.998836163642502]}