{"AEGIS-aegis_755": [1.0445241073907057, 1.265790095328604, -1.999306220642995, 2.9929688645623704], "COSMOS-1534": [1.3715357806162536, 0.9827707584937908, -2.0260718193187253, 3.025905760315741], "AEGIS-aegis_100": [1.151495452754084, 1.0791570716337806, -1.9962507802883225, 2.9960621425799814], "AEGIS-aegis_649": [38.50103835632958, 0.9670895029331785, -17.560223565157102, 18.55967650370497], "AEGIS-aegis_724": [0.9946477943392467, 1.3518783399737808, -1.9988087901908984, 3.0002015656593146], "COSMOS-1611": [1.1307586962766834, 1.1354883458576315, -1.9998906378855648, 2.9978837066706365], "CDFS7Ms-046": [1.1883285246304598, 1.6231978957559239, -1.999796597190402, 3.0246001219805216], "CDFS7Ms-146": [1.1309249666970138, 1.3118875176961222, -1.9992594130240506, 3.000368131243431], "CDFN-413": [1.0252233304581764, 1.2632091248452597, -1.9993951639188028, 2.9964250513681554], "AEGIS-aegis_056": [1.2034557939225978, 0.5244527730638116, -2.2882175953999035, 3.2877480038655023], "AEGIS-aegis_434": [1.0643454358911695, 0.9752666952400356, -1.999152672539449, 2.999112439404226], "COSMOS-1479": [1.0725785505482983, 0.9294781840871115, -1.9981128854424115, 2.997587390906236], "CDFN-123": [1.174492013099792, 0.9000292951315058, -2.0008136497721205, 3.000409019507155], "CDFN-646": [1.1265643360817483, 1.0844557875276615, -2.0003609452286035, 3.000211201958873], "CDFN-654": [1.0863609084158186, 1.387111475427334, -1.999492456047075, 3.009054008512302], "CDFS7Ms-474": [1.1348399614511755, 1.0507918748115022, -1.9938053950423655, 2.9830155681079167], "CDFN-488": [1.1951510859525025, 0.9548211663724515, -1.9961695096251693, 2.994953468231535], "AEGIS-aegis_683": [1.1175169151551714, 0.8251857820469692, -1.9992139583169304, 2.9991846534577786], "CDFN-35": [1.0481638122190189, 1.0802117976279155, -1.994216635371622, 2.9905554433117727], "AEGIS-aegis_603": [1.0403601832131448, 1.1983027369381736, -1.9978522784475268, 2.9977918668765393], "CDFN-534": [0.9892514637464551, 1.283207570726177, -1.9999948815958046, 3.0024535154614904], "CDFS7Ms-034": [1.3549021177931813, 2.630317788651617, -2.0048966059014295, 3.0342321428996564], "CDFN-233": [1.0340183985185991, 0.9725917303067408, -1.9990027916426714, 2.997883084578662], "AEGIS-aegis_471": [1.2898653710195944, 1.0770363596677899, -2.002816838992694, 3.002155829184674], "CDFS7Ms-097": [1.1138871601140115, 1.6047247210894362, -1.999829835009775, 3.0170662338680807], "AEGIS-aegis_362": [1.259832981882369, 0.8614437089617147, -2.004721672199177, 3.0029018855061493], "CDFN-171": [1.2612717134944962, 0.8840759078883632, -2.0017879482057124, 3.0009781814444456], "CDFN-183": [1.1976685757063137, 1.204808520837386, -2.0011122774577, 3.0024988898938942], "AEGIS-aegis_804": [1.075266457308949, 1.3177749833090495, -1.998039078190037, 3.0052115684749197], "CDFN-378": [1.0854154821386763, 1.106493959320645, -1.9969455414550998, 2.9968535908666194], "AEGIS-aegis_607": [1.1027218586209437, 0.6942283567931683, -1.995169829808802, 2.9860774172196005], "AEGIS-aegis_586": [1.0431825236793224, 1.0796405716932485, -1.997190664072761, 2.996489312357658], "CDFN-499": [1.0325150739646676, 1.062396432188866, -1.9984762380091743, 2.9964055976902877], "COSMOS-1527": [1.0709099110249474, 1.2576062117081626, -1.9999649704107076, 2.9958490690016957], "CDFN-125": [1.088119157936731, 1.4372339025014627, -2.0001585823536168, 3.0068359669098275], "AEGIS-aegis_732": [1.1580281666187022, 1.0034213684739692, -2.001863115552891, 3.0015055258640437], "CDFN-610": [1.0255627151130173, 1.4465760217089112, -1.999834217228832, 3.0047763987411633], "AEGIS-aegis_562": [1.0631281374949468, 0.719236711351711, -1.999822850380153, 2.9993690175916607], "AEGIS-aegis_380": [1.1002193453305398, 0.9116727619871888, -1.9944946656883236, 2.9908458968533553], "COSMOS-1578": [1.0884725759336416, 1.1390684750669218, -1.9990216876397775, 2.997699710496896], "CDFN-562": [2.3763439863337696, 0.8173400007056888, -2.1673894599870103, 3.1673777182508616], "AEGIS-aegis_883": [1.1076297471869028, 0.9052144909985154, -1.9960330277264484, 2.991464842603394], "AEGIS-aegis_463": [0.991826236955901, 1.035693460232234, -1.9984766305724637, 2.997508753151743], "CDFN-553": [1.2166334211449188, 2.6315915399016596, -2.0008638476952783, 2.6320972750325646], "CDFS7Ms-026": [1.3686866526417254, 2.148449768421827, -2.0046023507737685, 2.8903057769205205], "CDFS7Ms-116": [1.0949255642195406, 1.205801581328265, -1.9978750024431975, 2.996180078994903], "CDFN-559": [1.2187083524225897, 0.8536553298276918, -1.9953610847615644, 2.9931516768497968], "AEGIS-aegis_485": [1.1103651317746035, 1.412502302681453, -1.9983847037078206, 2.998406491922104], "AEGIS-aegis_752": [1.0527457151117803, 1.093480729465998, -1.998589749296805, 2.990360136771822], "COSMOS-1532": [1.0805931652345433, 1.045881468760476, -1.9973828653239425, 2.9913318601019236], "AEGIS-aegis_550": [1.1832425283338335, 0.7099358771586278, -1.99961479352468, 2.996436733362805], "AEGIS-aegis_673": [1.1798450131227503, 0.8980584393604643, -2.010517942922273, 3.0080216415346523], "AEGIS-aegis_532": [0.9524496255643318, 0.997207599990682, -1.9997800977652471, 2.9991337233060076], "AEGIS-aegis_734": [1.239943412315829, 0.988053556350242, -1.9935359344021388, 2.9927656146257986], "CDFS7Ms-410": [1.032628534098997, 1.5980673869301327, -1.9965880691401239, 3.0140578711167048], "AEGIS-aegis_490": [1.021430229022105, 1.1949661590557077, -1.9990351558174742, 2.996774959668239], "AEGIS-aegis_095": [1.0681097107507325, 0.7597792579740199, -2.004189024463156, 3.0040887583358455], "AEGIS-aegis_194": [1.046223258504134, 1.1769829006879569, -1.9992919817190002, 2.9974609485019803], "CDFN-59": [1.078507018686052, 1.435788472168693, -1.9968817403301231, 3.0040901702398743], "CDFN-50": [1.0644234472768246, 0.39273864220849525, -2.4115811662690714, 3.411000368577694], "CDFN-430": [1.1937036459262322, 1.547485425814143, -2.000507847942309, 3.0053818099856686], "AEGIS-aegis_416": [1.161424956682053, 0.8597762347579928, -2.0004464169004423, 2.998577067086544], "CDFN-222": [1.084484177938135, 1.3833374412644857, -1.9994764657505764, 3.0111755628190995], "AEGIS-aegis_309": [1.1087049088907381, 0.7890538010559832, -2.000382498918821, 2.999239151332668], "CDFN-166": [1.0200534522422975, 1.0648104129502942, -1.9989948422257835, 2.994544935624544], "AEGIS-aegis_521": [1.0697710395018136, 1.3801495545810045, -1.9989404527016157, 2.9967019240162154], "CDFS7Ms-412": [1.078007649224796, 1.4199627290857764, -1.999935772668047, 3.0039066954063163], "CDFS7Ms-437": [1.0585996926573187, 0.9615323065006918, -1.996058666613331, 2.9946341979770863], "CDFN-69": [1.0409290558111666, 1.3032190923386737, -1.9998658009044954, 2.9840786118932288], "CDFS7Ms-262": [1.095023188916028, 1.8839930795326318, -1.9977242443142238, 2.9819283338586957], "AEGIS-aegis_497": [1.0736809991069687, 0.9470509406949108, -2.000524559938229, 2.996676879741167], "CDFN-235": [1.4108831200069258, 0.9788040751915553, -2.0629923781535773, 3.062319454222594], "AEGIS-aegis_384": [1.0276006818322103, 1.086496681830272, -1.9978562970717255, 2.9948396498014147], "CDFS7Ms-460": [1.112091739656309, 0.7650116355414238, -1.9984514017861303, 2.995404713309412], "AEGIS-aegis_465": [1.171020863206407, 1.50411567023805, -1.9985712482398248, 3.00039254786104], "CDFN-337": [1.0579908542805316, 0.7632384294695076, -2.0001204701283517, 2.999818496052604], "CDFN-491": [1.0285723637364679, 1.0136164967642518, -1.999534327946118, 2.9958785553233427], "CDFS7Ms-298": [1.2030110286494844, 1.139860217952731, -1.9971678473012011, 2.997531537302586], "CDFS7Ms-263": [1.3240031431845143, 1.1035820915198413, -2.004848964498125, 3.004554211897539], "CDFN-200": [1.2730160249104832, 1.3223007249033822, -2.0078055973549933, 2.9850115949756977]}