{"AEGIS-aegis_054": [1.1740289600607643, 0.7332530172778958, -1.9990872489405702, 2.9988965234032054], "AEGIS-aegis_583": [1.1614165552432267, 1.9353386437272193, -1.9995110745034979, 3.018099022469887], "COSMOS-1652": [1.0112924373858037, 0.6567479439421964, -1.9942393785170647, 2.993413074984703], "CDFS7Ms-193": [1.4373698052635522, 1.520029846732982, -2.013702414823105, 1.7704669915369673], "COSMOS-909": [1.0289637525449167, 1.023877148169174, -1.9966635348784356, 2.9945449188568345], "CDFN-54": [23530.59571210981, 7.332744558526258, -5216.742287550862, 5217.899320023858], "COSMOS-579": [1.0296657261919728, 0.8014069780787034, -1.9907447589513656, 2.9883176981883297], "COSMOS-84": [1.277776783908779, 2.1760947885934843, -2.0026609404621922, 2.9925834794794595], "AEGIS-aegis_890": [1.1229660001582111, 0.9150340721903626, -2.000650148512575, 3.0005587913396528], "CDFS7Ms-144": [2004.1266163822743, 4.225023559011365, -419.9473237630772, 420.0247224523303], "COSMOS-1398": [1.2043156727844389, 1.1351966310830033, -1.9855713027864108, 2.9847062633819195], "AEGIS-aegis_392": [1.1528677280697146, 2.464011950811467, -2.0006280722815997, 3.0077749048736884], "CDFN-659": [10.51432500392712, 5.228802282750491, -4.059525637652209, 5.139595669848742], "COSMOS-71": [1.2390825506651386, 2.887868688775133, -2.0002685346815188, 2.9219160058980482], "CDFS7Ms-131": [4.734368622777959, 1.434326957071348, -0.5698349309540377, 1.5728036449075609], "AEGIS-aegis_263": [1.0476356258031716, 1.8250755639258522, -1.9931412150288286, 3.0743881802732944], "COSMOS-1506": [1.3281508403531657, 0.8829382944832005, -2.0099612441903942, 3.007620671336036], "CDFS7Ms-161": [32176.346550443366, 5.2616053719804885, -5704.281544952191, 5704.410911554807], "COSMOS-890": [1.225037779246613, 1.9874419630494293, -2.0005718058638866, 3.0639328595420205], "CDFN-675": [1.3061802000974838, 1.6582241241707492, -2.005712505371579, 3.002947508806323], "CDFS7Ms-182": [1.442413619321364, 2.178673709867338, -2.0136474882272353, 2.2413933560898194], "COSMOS-355": [1.1835034017422932, 0.9860508674337225, -2.0030493000003826, 3.00036141652752], "COSMOS-132": [1.3379843565687601, 2.2461067603269544, -2.001161092224105, 2.628319915439808], "COSMOS-401": [1.3154721727682537, 1.438412376851221, -2.0043001391813853, 3.000171130562811], "CDFS7Ms-151": [1.3293215472121749, 2.420772290025997, -2.002343025900684, 3.0154462849391015], "COSMOS-459": [2.5416508801558604, 0.6323898273235775, -2.054282540948321, 3.0541319945293193], "AEGIS-aegis_450": [1.1792228523558976, 3.411344546844771, -2.0005347993625455, 3.0809047655901254], "AEGIS-aegis_882": [2.6616401063309123, 2.0844690265317203, -2.277906991160567, 3.25423345321023], "COSMOS-63": [1.2522595167555304, 2.339880606955715, -1.9997721056021973, 2.1937924178106183], "COSMOS-1474": [1.1272813269325501, 0.7458393252943025, -2.0012197077876954, 2.9984624916493905], "AEGIS-aegis_477": [1.2285184177719792, 2.853149709334291, -1.999901443419784, 2.2679706124183987], "CDFN-556": [1.1996507917409733, 2.7255309728259, -2.000440473870979, 2.5796169433270384], "COSMOS-210": [1.3132466809618903, 2.01617075301887, -1.9999593931557382, 3.0273111091552964], "COSMOS-460": [1.3028713368715577, 3.8295681210707606, -2.0015494434888295, 2.8552813537998953], "COSMOS-1404": [1.214054496730336, 1.015354952629559, -2.0092707039488813, 3.008920800619001], "CDFS7Ms-134": [20413.999573581983, 5.0108556343580695, -3706.1122541539044, 3706.6735169380736], "AEGIS-aegis_515": [1.6341452452717022, 2.648443383136106, -2.0282947876646795, 2.6309641562339547], "COSMOS-814": [1.194318021531478, 0.957243635323876, -1.996838320199518, 2.9937122305447246], "AEGIS-aegis_006": [1.4248198770488858, 0.8822625013012089, -2.0242919109822313, 3.023417304816049], "AEGIS-aegis_884": [1.060276906671083, 1.0061909915037734, -2.000045034216165, 2.999926745671258], "COSMOS-1427": [1.2660751390315395, 0.7610898856867331, -2.0034186839956822, 3.0025744617593086], "AEGIS-aegis_267": [1.1509076843065695, 2.0715860791499483, -1.9996231912618652, 2.35831330074261], "CDFN-61": [2.279961622453717, 0.7072284339433431, -2.073820754271779, 3.073364855729299], "AEGIS-aegis_038": [1.1998296058808338, 2.4584986148487444, -2.0006685811194567, 2.180378706097553], "AEGIS-aegis_707": [1.2998799519798938, 3.4201748075550324, -2.0014303526623056, 2.8314438211681483], "COSMOS-784": [1.325548077245938, 0.8790998463452859, -2.002057096197535, 2.9995395108348397], "AEGIS-aegis_428": [1.3282411512297667, 3.7658088251367188, -2.001626278595432, 3.1266364995461253], "COSMOS-677": [1.127673856591184, 1.4376255131184872, -1.9979496098235874, 2.9981328796722906], "COSMOS-372": [1.2822610459317652, 3.138326789789976, -2.000920223422966, 2.5633467156380796], "AEGIS-aegis_004": [1.1515616489583151, 0.9087968467938924, -1.9912641578721701, 2.990177164176055], "AEGIS-aegis_437": [1.1983304350067399, 0.7338921275165992, -1.988298896732488, 2.9882365561563735], "COSMOS-399": [1.0219236115182535, 0.9626099712763893, -2.000803778167725, 2.9864399508819144], "COSMOS-94": [1.2326177581617812, 2.503610198657075, -2.00042433244826, 2.838557914629407], "COSMOS-611": [1.1394041750770554, 1.09225358242136, -1.99993984010562, 2.986371809992386], "CDFN-440": [1.7651364250932304, 1.680007863556519, -2.049682691706313, 2.5772239584056074], "COSMOS-495": [1.178901226807762, 1.8554339838473841, -2.0009352965830294, 2.8475498249955473], "COSMOS-423": [1.2353703103017124, 2.627179646838081, -1.9993664022004833, 3.0494678102602473], "COSMOS-502": [1.2972949339111484, 2.313313406771676, -1.9998569672119164, 2.468652524946764], "AEGIS-aegis_313": [3.011749592502721, 2.0940547800165445, -2.41456719065698, 3.417005619592152], "COSMOS-32": [1.1836895541442913, 2.46668052247177, -2.0010115574910152, 3.0541450921512445], "AEGIS-aegis_327": [1.1060436491416228, 1.8833064394314663, -1.9999333844759992, 3.0636308132216126], "AEGIS-aegis_458": [1.586660758772314, 2.1101002218970546, -2.0306721174260343, 2.846495323320641], "CDFN-120": [5.826498183594026, 3.52637536204555, -2.8908150210415426, 3.2438448731713523], "AEGIS-aegis_030": [1.3195468777988721, 0.8834464679582031, -2.0035364222947853, 3.003185737401452], "AEGIS-aegis_275": [1.3405554510396702, 3.8279717130102164, -2.002578324018005, 3.417617115118978], "COSMOS-670": [1.3167228931532482, 2.4998274510586, -2.0022791394148616, 2.94059569209308], "AEGIS-aegis_371": [1.1097376155281449, 0.713485529618521, -1.9950542082358709, 2.988721475556797], "COSMOS-51": [1.3631261438878226, 2.0710836271775355, -2.0029311722787475, 3.045904718084821], "COSMOS-237": [1.5481138393097222, 0.6296289027397866, -2.2657185271075475, 3.264092418075205], "COSMOS-329": [1.3841149040440732, 2.668451149520759, -2.0086449662408903, 2.846584646082355], "COSMOS-884": [1.251299363324005, 0.9357760463193499, -2.0118039185227836, 3.009197630608364], "COSMOS-757": [1.238811437209506, 1.6862074015438824, -1.99655965595004, 3.016654917275247], "COSMOS-1438": [1.0578940998713415, 0.6025392666225851, -1.9989251155516912, 2.9962202882710613], "AEGIS-aegis_406": [1.234210442467452, 1.559664052071121, -1.99981422509981, 3.028074522773154], "COSMOS-1584": [1.1781140815739173, 0.757311602914434, -1.9981815655104276, 2.9976014592841196], "AEGIS-aegis_837": [1.5501091749499296, 2.5498419564957757, -2.01334255221603, 2.6741830274250695], "COSMOS-763": [1.4462342172864748, 2.081223574163616, -2.019068282708045, 3.0088739484001947], "CDFS7Ms-129": [1.6496928621870346, 2.0890230061031, -2.025094741724236, 2.328274041345101], "COSMOS-747": [2.0651937080264715, 0.5164283738611141, -2.0040073827503724, 3.003734901983653], "COSMOS-613": [1.1648212403802, 1.1351747163236803, -2.0009530550906867, 2.9968328714755677], "COSMOS-614": [1.1101293906380978, 1.1339414490298934, -1.9977777451991976, 2.983525490160316], "AEGIS-aegis_158": [1.2017042843218397, 2.7481791676785785, -2.0009383058967662, 2.1879013990306584],