{"COSMOS-118": [1.2776725579317, 2.07761968695845, -2.0011829583447494, 2.7086156790684193], "CDFS7Ms-174": [1.2141658733118437, 3.2429750683947036, -2.0002060100669414, 1.3009903319478222], "COSMOS-407": [1.2657140448288597, 2.0960777970597033, -1.9965253141598884, 2.6826558213710205], "COSMOS-123": [1.3627927189283882, 2.6702599864565437, -2.005593118981725, 3.125817492548672], "COSMOS-641": [1.1550284618000304, 2.3877849780614895, -2.000053283755813, 3.190690167261442], "COSMOS-913": [1.0586336393781939, 1.2233883397595635, -1.9989859635362008, 3.0009691767757616], "CDFN-541": [1.219433702317359, 2.9625060916871195, -2.0006324538640463, 3.1144956590096076], "COSMOS-97": [1.2682199895074682, 2.4846947275392175, -1.9998483785468788, 3.161092765007801], "CDFN-95": [14.357422857286734, 2.3775320644167217, -6.793011945763211, 7.845395567787756], "COSMOS-668": [1.1196806368952583, 0.7564711606272729, -1.9983285014703382, 2.9961672003836033], "COSMOS-297": [1.3440328297793447, 2.3065149779049845, -2.008923864156241, 2.7594197171508457], "COSMOS-339": [3.050329271136965, 2.4574108521491507, -2.346804273547857, 3.0365161463609214], "COSMOS-911": [1.1197985559403585, 0.8451255181389756, -1.9942212885418242, 2.99409315276689], "COSMOS-65": [1.636820362096623, 1.0909267715574922, -2.044254924025668, 3.042514389195755], "AEGIS-aegis_708": [1.2545314287869962, 1.9933431780043298, -2.0034412313382326, 3.0024932390929298], "AEGIS-aegis_928": [1.2745730583853723, 1.0377423756102124, -2.00795455821447, 3.007303671245999], "AEGIS-aegis_763": [1.2261355661288893, 2.597656594564117, -1.9971731616023691, 2.96933128710545], "AEGIS-aegis_803": [1.3387269939284312, 1.4916138106721923, -2.004697347537005, 2.9736355884119794], "COSMOS-741": [1.2798270746785203, 1.2960701509544785, -2.0035882846052653, 3.0007070077475793], "COSMOS-537": [1.6892543537709592, 0.9690088557513328, -2.047957399886602, 3.0467204021472662], "AEGIS-aegis_077": [1.3007468575172156, 2.4604211701447394, -2.0023439038308632, 2.8682481364409176], "COSMOS-469": [1.228560558845168, 0.8949091753014721, -2.0000408362671975, 2.997184433844607], "AEGIS-aegis_238": [1.1605291095337167, 2.353092336231803, -1.999757620209564, 3.0043165000716563], "AEGIS-aegis_536": [1.6304182573661752, 2.747436199692734, -2.028950630360222, 2.814690097078114], "COSMOS-554": [1.4862718838929658, 1.0814771560008856, -2.0387888129594915, 3.0384577547746434], "COSMOS-164": [1.298025584427976, 2.9862131067483775, -2.0018292112051137, 2.895093659239489], "COSMOS-678": [1.1988982924509415, 1.5639785643472575, -2.0022588534022088, 3.013475559932539], "COSMOS-1440": [1.0792807416611039, 1.320638291061543, -1.9999328538841619, 3.007008650340503], "CDFS7Ms-016": [1.911522207724326, 1.4004919282358703, -2.146530476952911, 3.146929050601714], "CDFS7Ms-111": [19.05429089164243, 7.56275332768088, -4.900417601738665, 5.796692344881965], "COSMOS-429": [1.1899705358048682, 2.0242558820821595, -1.9985440121670428, 3.065328961719608], "COSMOS-1434": [1.0843996092226322, 0.946513259693498, -1.9937713907489103, 2.993377510930191], "COSMOS-636": [1.2236762109172, 1.3874000717048145, -1.9972220540479695, 2.9966174049083127], "AEGIS-aegis_289": [40831452.68311356, 1.1272787200105365, -19201011.867113724, 19201012.86694212], "COSMOS-679": [1.2846672502273337, 2.179289530241042, -1.9997922819127618, 2.9947898809114983], "AEGIS-aegis_249": [1.2605072519351839, 1.436547546235852, -2.0028648809257863, 3.009815842358449], "AEGIS-aegis_338": [1.3206298031222397, 3.1823248723462236, -1.9983582084763143, 2.8649292352009494], "COSMOS-800": [1.2958446046666765, 0.9666507195585589, -1.9991369839684379, 2.99870826398218], "AEGIS-aegis_668": [1.1828668887416907, 2.2151992814762753, -2.0011563550740004, 2.9835420293289436], "COSMOS-894": [1.07648341378342, 1.991069053465242, -1.9989497746333744, 3.069158058697319], "CDFN-517": [2657287.180063298, 20.072202504877097, -147933.56015051247, 147934.91391650896], "COSMOS-837": [1.140778758352212, 1.1757229796741187, -1.9999420158786805, 2.9997186820602595], "COSMOS-558": [42.11407862272283, 0.9632425419842074, -18.150007904932863, 19.14988593122729], "CDFS7Ms-337": [1.3424739466994513, 3.07793112170765, -2.0042855481926454, 2.915601614391599], "COSMOS-704": [1.4193195420246962, 3.283631038322553, -2.005349215132112, 2.8237640538111757], "COSMOS-543": [1.1084611895364993, 1.028449084426527, -1.9951251343724592, 2.9924513831514084], "COSMOS-836": [1.026765425529839, 1.3194038938067434, -1.9946567655070255, 2.9978813846153036], "AEGIS-aegis_319": [1.873552540279816, 1.1955358454921594, -2.0449100567707266, 2.5439042753755823], "AEGIS-aegis_648": [1.275405767767255, 2.7694422712976117, -2.0016681417347066, 2.5038362967893164], "AEGIS-aegis_429": [1.2324414527817456, 2.629704566389281, -1.995270336594606, 2.770470040579255], "COSMOS-792": [1.3915127812706474, 0.9763456531462043, -2.003138834456223, 3.0025408553966635], "COSMOS-801": [1.1598323958432095, 0.6917819642437393, -2.000145435458727, 2.9986245222749135], "AEGIS-aegis_621": [1.2154096692089258, 1.9852934324497562, -1.9999064871214154, 3.041944764745139], "COSMOS-268": [1.3178820337538895, 2.568779721367933, -2.0011125512241033, 2.8603287505949613], "COSMOS-403": [1.2016318459336008, 1.1725371631956603, -1.9956245930445515, 2.9954684815430492], "COSMOS-383": [1.2457006165872018, 2.637429006963964, -2.0006941044173363, 3.0249435761845263], "CDFS7Ms-283": [1.5366569267902, 2.5995883071367683, -2.0223065426015414, 3.073568931133569], "COSMOS-436": [1.157353167576583, 1.910507165281088, -1.9994273818362271, 3.048205951178141], "COSMOS-382": [1.182270827090325, 1.0091554162232317, -2.0028178471366087, 2.9924252768879174], "CDFN-477": [2.027811880172611, 2.2599733108452305, -2.0856890051296526, 2.5150026406585875], "COSMOS-305": [2.8584072100705753, 2.236626293162934, -2.4062558091628548, 3.279256365610805], "COSMOS-179": [1.2481827748257484, 1.3179973699229883, -2.001923609942054, 3.0029596494302115], "COSMOS-1508": [1.0971718355904838, 0.9707023372508559, -1.9995250167611203, 2.9909013630297334], "COSMOS-827": [1.4099124790114435, 1.0230978345177446, -2.0366510410404843, 3.0321586597470955], "COSMOS-521": [1.3026541959469495, 2.9146425350358536, -2.0014945439398586, 2.6461464085611714], "CDFN-262": [1.249578196751885, 2.202071776536911, -2.000730440647043, 3.073206189271304], "COSMOS-1575": [1.21116536281236, 1.055121543168572, -2.0032727687885803, 3.0026439325226617], "COSMOS-658": [1.1615742871691306, 1.7920602531164134, -1.999707389607781, 3.0231577062261885], "COSMOS-625": [1.267529532461355, 0.44149470667333085, -1.9977146622724558, 2.9975691334147703], "COSMOS-303": [1.210863152317402, 2.723826328265052, -1.9995363145338478, 2.8658997641789714], "COSMOS-479": [1.2012295464970157, 2.5275038439907425, -2.0004915330581565, 2.528455182530468], "CDFN-254": [1.2507810844223985, 2.281845722044739, -2.0002178063879286, 2.395374538449846], "AEGIS-aegis_918": [1.0049946440187627, 1.1451313581179723, -1.9979305545350274, 2.981993723888934], "COSMOS-644": [1.5383295766934255, 2.098944310941506, -2.031973933485452, 3.026209438024197], "COSMOS-561": [1.1494050847470207, 1.0981584357553262, -1.99800562698392, 2.996796782828437], "CDFS7Ms-150": [1.3299479430639805, 2.3014800946862373, -2.0073253209399633, 2.9972077168455473], "CDFS7Ms-183": [1.1446444343239048, 2.239916711192384, -1.9980062448733376, 2.163544901677058], "COSMOS-1543": [0.9369018074898741, 0.5450163108522681, -1.9989901556301573, 2.99579557018024], "COSMOS-568": [1.1697041191321151, 1.3235650209066523, -1.9991031139110054, 3.003257300772991], "COSMOS-873": [1.169407729192148, 1.9983855289639343, -1.9998905746884332, 3.0188179756119067], "AEGIS-aegis_452": [1.1876435784973052, 3.3181230492215747, -1.9999833752745912, 3.3049704342232227], "COSMOS-806": [1.1458010051854468, 0.8226667876600139, -2.002755927189497, 3.0023141964685145],