{"CDFS7Ms-414": [1.438010695372953, 1.244696493207336, -2.0211573727117913, 3.0151398002048686], "COSMOS-1469": [1.2726055964190248, 0.982134270895519, -2.0010894899673906, 2.9988391659884797], "AEGIS-aegis_229": [1.16555226971877, 1.8337669848709899, -1.9991779103618603, 3.0390115014847057], "CDFS7Ms-045": [429579708.1025029, 5.516460319598005, -42998923.33780048, 42998923.92555016], "COSMOS-748": [1.108998025453878, 1.7438997681577, -1.9972723938767554, 3.053982233031665], "CDFN-122": [1.3945265654630123, 3.35710701415612, -2.004974042662806, 3.0376079897377064], "COSMOS-1498": [1.0948973707608487, 1.6831902496686209, -1.9999859729460268, 3.020926428992172], "AEGIS-aegis_203": [1.2255543907646904, 2.1227005358771684, -1.9993354622537183, 3.135182529948966], "COSMOS-1499": [1.1247693081587593, 1.0584998968406485, -1.9942867486223224, 2.994155339231096], "COSMOS-691": [1.050920406522391, 1.6061585823819189, -1.9997345440775336, 3.0334406501069577], "COSMOS-1518": [1.015443474982799, 1.1565131470077135, -1.9985172317376771, 2.9950793283115016], "AEGIS-aegis_102": [0.9480942951391633, 1.1329158254652247, -1.99938815578084, 3.000416279612272], "AEGIS-aegis_024": [1.110425800557127, 1.1039067621079184, -2.0003855018682373, 2.995843217837918], "COSMOS-1555": [1.265717315474999, 0.7300725770318537, -2.016962062077604, 3.01686958060996], "CDFS7Ms-089": [7.255029881497304, 3.0743724093318727, -3.607158568431045, 4.62731970854188], "AEGIS-aegis_860": [1.1042086459459937, 1.122914979380906, -2.000270130237893, 2.997684460133909], "CDFS7Ms-015": [1.2910254464780293, 3.056868342367621, -2.0020548141434737, 2.2577071311674928], "COSMOS-652": [1.0506007026971584, 1.0647947024001363, -1.999113998806037, 2.9971921224968985], "COSMOS-1592": [1.0838299112831935, 1.2337016225821584, -2.0002785821185345, 3.0039963893610704], "COSMOS-1493": [1.1001399226453394, 1.14293562592867, -1.9980183090865378, 2.9963676166464728], "COSMOS-1513": [1.0740905161020633, 1.2720106625304868, -1.9995847358812873, 2.996100518664909], "AEGIS-aegis_584": [2.3394377852031285, 0.8337447329558981, -2.2153733126063297, 3.213816384792496], "COSMOS-622": [1.2267881808541685, 1.0341760816461785, -2.003416078501451, 2.9969741315499014], "COSMOS-1458": [0.9658645493977215, 1.1708126453978038, -1.996918527345389, 2.998580328918063], "CDFS7Ms-081": [1.294423471260203, 2.394061377450954, -2.004763186672215, 2.5455994585578585], "AEGIS-aegis_580": [1.1693576718199958, 1.781912093209538, -1.999724447155696, 3.033232754735494], "COSMOS-1622": [1.2274901632293096, 0.795245060903478, -2.0050890769475576, 3.003246498195266], "CDFN-594": [6.57623761033678, 5.186184639803458, -3.0192358685614273, 4.082490663767421], "COSMOS-779": [1.1473777766760274, 1.219661932992677, -1.9978824417102372, 2.998524095972832], "CDFN-463": [1.63004620134714, 1.951914803665689, -2.0427181942870174, 2.2691514977874654], "COSMOS-378": [1.0569030567758424, 2.0525960428208863, -1.9994626496246881, 3.1507732267622135], "AEGIS-aegis_367": [1.089115540475822, 1.117148966027318, -1.9988493071899869, 2.998927348076725], "COSMOS-700": [1.0953733064899032, 1.558488034196491, -1.9993316637125882, 3.0157362808307253], "COSMOS-1441": [1.1472788197843191, 1.1635737192916964, -1.9983003698511441, 2.9968454792103656], "CDFN-14": [1.1201997487188837, 2.3235070439773597, -1.9992305648657906, 3.1176804628365185], "CDFN-358": [1.3281874164840157, 3.7249360671677803, -2.002278794394666, 2.9031264561705017], "COSMOS-1509": [1.0509779694861385, 1.1473343829419047, -1.9990666999481972, 2.987791581965447], "COSMOS-1402": [1.0262136692754837, 1.3603363717247086, -1.9997873873769283, 3.009535841793971], "COSMOS-1413": [1.0223696703104737, 1.2792520499723734, -1.9999974002984842, 3.0052411996151838], "COSMOS-1409": [1.1885986130649515, 2.2068622988697646, -1.9990111911925137, 2.998396136304698], "CDFN-196": [1.348944562059867, 4.584653258313081, -2.0022443990137475, 3.149121148362687], "COSMOS-1491": [1.1192819982917275, 0.9765470468213151, -1.9998175193918835, 2.9997900574047964], "AEGIS-aegis_198": [1.088195148066513, 1.1811477867463238, -1.996354424209087, 2.9977107844755926], "AEGIS-aegis_823": [1.1576796195337393, 2.1878058883319995, -2.0005841888380904, 3.0735249946926246], "AEGIS-aegis_878": [1.1873946116654612, 1.0515337664461026, -1.9986961574319437, 2.9965397849263495], "CDFS7Ms-090": [1.3880179680661104, 1.9032308506741997, -2.005093631018469, 2.4235419146405133], "CDFS7Ms-029": [1.1840808035400352, 2.8554470290807616, -1.999431894734848, 2.0765924716766895], "CDFN-641": [1.154959999259583, 1.736004041416053, -1.9989711809027653, 1.9550735782384416], "CDFN-331": [1.1707468714905866, 1.2251490566503067, -2.0033499569162623, 3.004071626365505], "AEGIS-aegis_728": [1.349214411036391, 2.88568031001191, -2.0023966941207316, 2.905551664874896], "CDFN-622": [1.3040119333341837, 2.106317004054545, -1.9973148008153707, 2.557380531172382], "AEGIS-aegis_671": [1.147066898335784, 1.887109521021101, -1.9977154722288233, 3.0635700084433943], "CDFN-500": [1.2093822798366936, 2.8620751648829232, -2.0008257859609198, 2.4017226998041834], "CDFS7Ms-040": [1.3066160494100656, 2.404224451550797, -2.0011223944035432, 1.9681359083883794], "COSMOS-886": [1.0335042326561354, 1.2902867768492212, -1.993904750995513, 2.996320099313823], "COSMOS-1581": [1.023086294026026, 1.5389731544943643, -1.9990405611326625, 3.058989308210812], "COSMOS-716": [1.1938253072603833, 0.9904293332862045, -2.0016243669189264, 2.9976144096671504], "CDFN-322": [174.81374113776525, 4.489100214040702, -44.564739001571766, 44.97218536773455], "AEGIS-aegis_848": [1.080326492478128, 1.7679804131749748, -1.9981227863642257, 3.055888109179809], "COSMOS-511": [1.2342689980362276, 1.3601463016357274, -2.000977589156822, 3.0014314415056074], "CDFS7Ms-008": [1.36977692229945, 2.2515580862902658, -2.0085784135466547, 2.696057696642462], "COSMOS-1456": [0.9901219620709691, 1.1068372451185016, -1.9997716341110912, 2.998052697253014], "COSMOS-23": [1.0632615239240593, 1.1156882309219942, -1.999560206008989, 2.998828384326145], "COSMOS-101": [1.073506149267085, 1.4857702636948797, -1.9996763579288221, 3.011925399176601]}