{"COSMOS-1587": [1.1355583823512385, 1.3051508080738108, -1.9990366233154886, 3.000678640119891], "CDFS7Ms-149": [1.2471086888239364, 2.47105112903163, -2.0010882178774922, 2.0722103309042623], "COSMOS-161": [1.0589537049818925, 1.4420119516273067, -1.9984501055382062, 3.005031109265799], "COSMOS-640": [1.2931467032203177, 1.5018227373580562, -2.0082187074679245, 3.007512052690887], "CDFS7Ms-019": [1.1389106941212326, 2.7219699856615316, -1.9998473435223074, 2.2173460023594957], "COSMOS-477": [1.0541993810000472, 1.47962711146364, -1.9980660638471217, 3.007792976880869], "AEGIS-aegis_682": [1.6583152670549854, 2.5047122764845198, -2.0362648217440005, 3.028803537237846], "AEGIS-aegis_832": [5.124250764695595, 1.7725687498051574, -3.34908656161132, 4.350896887652187], "COSMOS-1544": [1.0660986434155904, 1.0761539652746381, -1.9989978074626893, 2.9971920836710146], "COSMOS-785": [1.4038965207448117, 0.7605894406265318, -1.999317700823195, 2.998231360095761], "COSMOS-1548": [0.9737573262783468, 1.0249684303665343, -1.9980500340461733, 2.9894202063493456], "AEGIS-aegis_150": [1.614227157940347, 1.4625952572456253, -2.0459854214456685, 3.0408457790781993], "AEGIS-aegis_015": [1.275119730361432, 3.02221167994946, -2.003306921992176, 2.863238657018301], "CDFS7Ms-052": [1.6073527355953294, 2.583537725300384, -2.0176437356893198, 1.820107410300383], "COSMOS-251": [1.1551738146069113, 1.6770173833862123, -2.000740338187388, 3.017850959944282], "COSMOS-143": [1.1032686515723553, 1.00243438030802, -1.9983115046453084, 2.9970255994615207], "COSMOS-581": [1.0494693122268655, 0.9978533308090207, -2.000181173165526, 2.9996331662358475], "CDFN-130": [1.206390961330881, 3.0760310818288703, -2.000516826270863, 3.068127647210461], "AEGIS-aegis_108": [1.1360990733984746, 1.767336317801073, -1.9961028502188434, 3.0401871641801455], "CDFN-143": [2.8835704734997476, 3.335895257777329, -2.2322804393342097, 2.913599939965147], "COSMOS-604": [1.2054214564323935, 1.1649040859739404, -2.0013945999659413, 2.996965175043837], "COSMOS-158": [1.3905233507452133, 2.04242640059515, -2.0054915221986622, 3.0247788137021727], "AEGIS-aegis_222": [1.1930967693869396, 1.0422435615712404, -2.0020536887865505, 3.0014433105125033], "CDFS7Ms-202": [1.6622314304540953, 2.167164614744739, -2.0373935060920987, 2.4006253613080655], "COSMOS-376": [2.023097903514154, 1.7967509194190612, -2.1426056614511526, 3.1377543132278425], "CDFN-428": [1.2791572584387454, 4.269878949060166, -2.0004868424273363, 2.9553092368423926], "COSMOS-553": [1.0736807346984882, 1.099267582388449, -1.9974654115445831, 2.9969099404926105], "AEGIS-aegis_522": [1.3775732398982297, 2.184238311477557, -2.0049585776806618, 3.020385022234295], "COSMOS-269": [1.1412094113584317, 2.615846002005184, -2.00052798884683, 3.0539920845248023], "COSMOS-377": [1.2963199923343711, 1.2417638309951915, -2.004150469143331, 3.0060116093949194], "AEGIS-aegis_375": [1.4914667026501882, 2.882432180351829, -2.008415933386165, 2.1959083190965756], "COSMOS-1598": [1.1659435882138496, 1.0887135240837043, -1.9992406026996057, 2.998035033339898], "COSMOS-496": [1.0657929851833525, 1.2287228681734117, -1.9960720676102013, 2.997452402549588], "COSMOS-533": [1.184248582415956, 1.5336541286828753, -1.999507073987878, 3.016689557299185], "AEGIS-aegis_101": [1.320716846621226, 1.9300002686079152, -1.9981492676825856, 3.0430100832945173], "COSMOS-563": [1.0816800995950446, 0.6802067395053358, -1.991509035952037, 2.990411173369221], "COSMOS-1637": [1.165501994343043, 1.0203313725515226, -1.9965297702155964, 2.996486523130266], "COSMOS-1501": [1.3897700358798792, 0.8433004065255202, -2.045468029656673, 3.0451368097180755], "COSMOS-167": [1.1662685825580108, 1.1884862570427617, -1.9990519744192778, 2.9974078804094577], "COSMOS-859": [1.184575804259112, 1.2695352500628658, -1.9994879296691714, 2.9997444552008607], "CDFS7Ms-266": [651.9657947289627, 7.648790090127333, -73.10230318972816, 74.06144755543708], "CDFS7Ms-098": [1.2891715346349784, 3.2033968676995634, -1.9998606724631394, 1.7736353660658777], "COSMOS-1473": [1.075011410616523, 1.0796709492091012, -2.000002096519991, 2.99976294016519], "COSMOS-1524": [1.0989997393101807, 1.3628547985029287, -1.9983186166016857, 3.00567416814743], "COSMOS-609": [1.1852682030436728, 2.045261111789059, -2.001207036530446, 3.0058882087316094], "COSMOS-1437": [1.2775918891565698, 0.9868750845474772, -1.9989151725576373, 2.9968784925179213], "AEGIS-aegis_132": [1.1514942168229516, 1.7848594606584955, -1.9922895062855526, 2.9712313215603103], "AEGIS-aegis_870": [10.420022289342311, 1.6942673136409958, -5.8653638182907715, 6.871639526808857], "COSMOS-333": [1.2277515493042628, 2.8854700281033154, -2.000580304147692, 3.18258162022836], "COSMOS-1420": [1.025139532047128, 1.1373708480108604, -1.9998844468788661, 2.999184287384357], "COSMOS-83": [1.0620413570408456, 1.1959749330941503, -1.9937073619988295, 2.9902149789091537], "CDFS7Ms-316": [1.12672823972424, 0.8140198427781654, -1.9881344248700654, 2.178214215676465], "COSMOS-673": [1.1590215004756446, 0.9876843323400715, -1.9990926366239292, 2.9959147533302497], "COSMOS-539": [0.9887977868038709, 0.948662068917457, -1.9970046662232628, 2.996978894579452], "COSMOS-556": [1.1981458228916133, 2.769632199727389, -1.999670675188299, 3.3766394110092293], "COSMOS-490": [1.2093851723996654, 1.8013801613409313, -1.994345813242792, 2.9908500584453526], "COSMOS-289": [1.13660737441568, 1.2005459197856072, -1.9953513261507965, 2.9901516406386284], "CDFS7Ms-463": [1.0305036272788874, 1.1884829267974406, -1.9966722031183628, 2.991686502642462], "COSMOS-1510": [1.15845976665944, 1.148394489331277, -2.0003296849095724, 2.998498467949495], "AEGIS-aegis_408": [1.2785392235461752, 2.760363175130149, -2.0021418966670774, 2.701763291826364], "AEGIS-aegis_545": [1.3967881651916314, 2.8273255182191317, -2.0038526415282822, 3.086371316425315], "COSMOS-402": [1.13671664422351, 0.9457382416351394, -2.001118491897948, 2.9982322426126906], "COSMOS-74": [1.3557298331096606, 3.4209771180599473, -2.003414022001746, 3.0448179632894155], "COSMOS-1535": [1.1929090615453846, 1.5397604474876951, -1.9989404454767996, 3.049180754166642], "AEGIS-aegis_087": [1.2487585866012092, 2.09375927911213, -2.001876727350136, 3.0720739115618914], "COSMOS-107": [1.323033201643181, 1.068234306509493, -2.013067887935623, 3.0113576935841517], "AEGIS-aegis_560": [1.2293710121729546, 2.4754882841192476, -1.9993974012859197, 3.0709806070387895], "COSMOS-393": [1.1931323110669187, 2.2241329836284454, -1.9961106707093204, 2.481360056339226], "COSMOS-778": [1.039632602010969, 1.1216067363806268, -1.9977383308026138, 2.9964324254425003], "COSMOS-1545": [1.04148934809389, 1.4521729524000229, -1.9997932009349186, 3.01133076958107], "COSMOS-846": [1.2405133326801403, 1.8488866590518593, -1.9964679243181391, 3.028554024572645], "AEGIS-aegis_443": [15.825110533710628, 3.6575784773076303, -6.012564171751078, 6.594571551076651], "COSMOS-1521": [1.2154755208448478, 0.9744923994868162, -1.998320812493002, 2.9983158634058023], "CDFN-595": [1.4515514923942612, 3.8145902016034245, -2.0061481439126907, 2.89874839443871], "CDFS7Ms-123": [1.257013684844, 2.208086351464311, -1.9997571624332615, 2.219461016492457], "COSMOS-307": [1.3019793536916944, 3.0391489611171574, -2.002275646233671, 3.1975965237645627], "AEGIS-aegis_772": [1.3921302565716132, 3.0709513733220932, -2.0005818117770593, 2.5788346771752733], "COSMOS-1567": [1.1625133754380141, 1.2181476178827702, -1.9970161782879599, 2.9895499970841715], "AEGIS-aegis_330": [1.2350685831195052, 1.7865736997449002, -2.000914254000417, 3.0270205935420487], "AEGIS-aegis_265": [1.0591525950348197, 1.3123389914743182, -1.9990819541285232, 2.998031755832229], "COSMOS-390": [1.1784233887820763, 1.0794467128589387, -1.9981019596461116, 2.9977416233272356], "COSMOS-1505": [1.1012298363215844, 1.3104136718001214, -1.994594677433092, 2.9988934449371296],