{"AEGIS-aegis_760": [1.1593478782908289, 1.7203112732532058, -2.000521189235334, 2.2266818916530005], "COSMOS-503": [1.8600461314142103, 2.061729461646123, -2.0668270880223787, 2.764006328225859], "COSMOS-361": [1.3477252376228233, 1.8516500457121667, -2.006810634538511, 2.4456408004074452], "COSMOS-302": [1.1656719742442965, 1.8975336947113655, -1.998781539671679, 2.3460699822115165], "AEGIS-aegis_192": [2.5732416069364827, 1.8421250315767677, -2.3103181126459207, 2.8527040253661617], "COSMOS-645": [1.191941178589269, 1.9292133373665399, -2.0003294439079538, 2.4336482234024572], "COSMOS-690": [1.199366010452349, 2.0459722104823053, -1.9989717142794485, 3.0164616212187507], "COSMOS-102": [1.2549077831886863, 1.7166581892291928, -2.003667484253884, 2.596768889062906], "CDFS7Ms-194": [4202.4096901153325, 4.099924532390416, -1002.6022968205389, 1002.8842098332519], "COSMOS-299": [1.5603506478818714, 1.9427058788786917, -2.0194682359793514, 2.792228478786754], "CDFN-412": [1.6953658712524646, 2.0059024116738007, -2.018660891249943, 2.1343805801548923], "CDFN-29": [4837040.167030168, 5.597373700601868, -613051.6635257283, 613051.8060670372], "COSMOS-358": [1.1731784059418235, 1.7187831775626483, -1.989149209905326, 2.954824436329856], "AEGIS-aegis_287": [1.9853278535149077, 2.170547850350676, -2.0809661820399348, 2.0942983183021475], "COSMOS-626": [1.4693941496397498, 1.9872310415055099, -2.018175867346056, 2.632419320853049], "AEGIS-aegis_505": [1.440619762088162, 1.9364755003168916, -2.016460146532965, 2.6767073013570855], "AEGIS-aegis_130": [1.3947177187946496, 1.4818803533441796, -2.005948093562769, 2.7279247669608537], "AEGIS-aegis_792": [1.5091229616634045, 1.5059255548702577, -2.006556844676204, 2.5484185725866526], "COSMOS-124": [1.1510282906765643, 0.8664266877006337, -1.998968749281008, 2.9190827652666216], "CDFN-242": [1.7607129401074766, 1.802173657715286, -2.0655873354132614, 2.8991568048832628], "COSMOS-170": [1.081247548157539, 0.9662392693934756, -1.9920246348117852, 2.274758148010061], "CDFS7Ms-171": [1.4530239115995536, 2.200124916317814, -2.005915410684011, 1.8711204579790035], "COSMOS-862": [1.1455701695748803, 1.6770283618804918, -1.9980199507169791, 3.000930051986728], "CDFN-455": [2.1957005979170283, 2.0122175480778877, -2.1652316240791594, 2.79879896188001], "CDFN-419": [1.212263299228514, 1.5593426748043913, -1.9996881156395152, 3.0040768466017944], "AEGIS-aegis_815": [2.4879733864116993, 1.7815667009272929, -2.368096162471371, 3.2625386414190984], "COSMOS-844": [1.1441013208504889, 1.729865083164346, -1.9994992872577457, 2.4678557293921126], "AEGIS-aegis_217": [1.3354627089793445, 2.448550870260618, -2.002190998820344, 1.9811308057593275], "CDFS7Ms-199": [1.5210947794448992, 2.22206774309832, -2.018510932673771, 2.075173479917235], "COSMOS-400": [1.1624341866886712, 0.870674715491946, -1.9996667502755407, 2.943817597653085], "AEGIS-aegis_811": [2.025187915472409, 1.3310732339952738, -2.2102901021623924, 3.2065924726278103], "COSMOS-398": [1.2811534452773885, 1.5148494318862449, -1.990561791172294, 2.9825046012376455], "AEGIS-aegis_298": [1.347095159575072, 2.0085881198883033, -2.0049489158716094, 2.3502358993097574], "COSMOS-294": [163459624.68934578, 4.047360598656226, -37576915.2302693, 37576915.74314089], "COSMOS-291": [1.7934219178758601, 1.7056531007522926, -2.0800539405913527, 3.0513840621998343], "COSMOS-47": [4623.557166989935, 2.317866530644486, -1583.6710368828485, 1584.6469273033345], "AEGIS-aegis_140": [2.685106633429648, 1.7532589802695517, -2.359212635704653, 3.2082638451731302], "COSMOS-373": [6.281049924936166, 2.312574886150541, -3.833606148449986, 4.832178808955352], "COSMOS-528": [1.5337275429528248, 1.2912199670088906, -2.0374078337025727, 3.015645201315613], "CDFN-361": [1.0564084116038575, 0.8646900777404445, -1.991762058721029, 2.991575140903876], "COSMOS-560": [1.300378530368727, 2.2799414590748555, -2.003776785509796, 3.022645756152141], "COSMOS-31": [1.262400542878332, 2.492906057534003, -1.9996499619918515, 2.7081218137468097], "COSMOS-842": [1.1630499330408473, 1.9578379771562107, -1.9994819699133972, 3.022642746065932], "CDFS7Ms-091": [1.3082587533305403, 3.2130415219587736, -2.00289504723196, 2.3864708022180414], "CDFN-681": [1.0427687783521633, 1.4670125532595713, -1.9970202921468398, 3.008478627946431], "COSMOS-156": [1.4029115027418897, 1.8515284146953292, -2.0145455752739334, 2.7310811186791577], "AEGIS-aegis_279": [21.88874241579656, 3.309265917876293, -7.93581537544069, 8.488248655903696], "AEGIS-aegis_144": [1.291235128141057, 2.1539726597926663, -2.0032302343927597, 2.6922316768103247], "CDFS7Ms-200": [1.189615585160574, 1.0830895861402796, -1.9991078105261972, 2.355382184770745], "CDFN-107": [1.2708803585951243, 2.477278874492524, -2.0033903242034405, 2.8124824326241935], "CDFS7Ms-240": [1.1931111018935678, 3.1842502674990403, -1.9992241731602474, 2.2718794481843205], "COSMOS-391": [1.2249721407420189, 2.070582855330239, -2.000002815146021, 2.356254244420927], "COSMOS-630": [42.16514772189361, 2.9279347237860067, -17.093810479854394, 17.980429525665258], "COSMOS-214": [1.2511926383103291, 2.2870565557821227, -2.0008963720803496, 2.712918263473278], "CDFS7Ms-153": [1.3193999106960832, 3.5974219950930095, -2.000368971982119, 2.2815607201682147], "COSMOS-19": [1.4394104517012045, 1.5031795098038878, -2.0236390873070276, 2.827904015147075], "COSMOS-424": [1.0870161862365004, 1.9185182970611376, -1.9980109883673591, 2.380137707282595], "COSMOS-7": [1.2946751005618788, 1.8518828665450666, -1.9994078290986395, 2.904617851877878], "AEGIS-aegis_029": [1.4616076609290745, 1.7275142314625174, -2.008079545468596, 2.3365353247337994], "COSMOS-337": [1.2918011133388756, 1.3701000636605962, -2.0030723475118353, 2.859397901771019], "CDFN-617": [1.1861555256912228, 1.157718460891049, -2.004429721251152, 3.0024914385200785], "COSMOS-405": [1.2793693572659777, 1.761557346189201, -1.999406273812977, 2.3951992815683463], "CDFN-653": [1.2287883426440294, 0.9350285701217913, -1.9994219921071315, 2.996984673780383], "CDFN-186": [2.898307263322274, 1.77889109949054, -2.3982789414179684, 3.077004536949886], "COSMOS-483": [1.2639239048530722, 2.042305092332044, -2.002061825000642, 2.519468554102307], "COSMOS-258": [2.129505859021992, 1.2979629644389132, -2.027379317525889, 2.548747385308743], "COSMOS-468": [1.680785185108861, 2.1500541372727837, -2.05935145005465, 2.985462879923446], "COSMOS-852": [1.2347456061332722, 2.0510334544197777, -2.001586964349606, 3.0217298651115696], "COSMOS-421": [1.1834253442014093, 2.0302956742714056, -2.000184964784368, 2.9358277249313014], "AEGIS-aegis_863": [1.5841711288017766, 1.9346879415796827, -2.0199480534019907, 1.8241351349001298], "COSMOS-738": [1.2323635500970824, 2.3158830046227266, -2.0013520199840054, 2.812339525207278], "COSMOS-165": [1.390410267101446, 1.6869557982181715, -2.0178832119362875, 2.8895393793363136], "AEGIS-aegis_459": [1.2161777620233782, 1.8697475188286736, -2.000456637998804, 2.371858608760246], "COSMOS-422": [1.2881337996798323, 1.8033032457368525, -2.0007166090010786, 2.6843703343183796], "COSMOS-88": [1.1898594813734458, 2.1617785073956535, -2.0005766177180586, 2.377252605667445], "COSMOS-392": [1.1889810576415685, 1.580693579760295, -2.0005984441558464, 2.7533857161627893], "COSMOS-694": [773.6687262042574, 2.8690371876249863, -245.66261839104106, 246.35879479785797], "COSMOS-703": [1.2588492195139538, 2.3812676543225644, -2.000284557405185, 2.808225610201312], "CDFN-545": [1.317003680064961, 2.397825248487095, -2.0035650427178497, 2.8240407746957525], "COSMOS-412": [1.3461306700498257, 2.680753355630318, -2.0059366987571834, 2.484318041170183], "CDFN-309": [1.2680688977148065, 4.007595641314161, -2.001844682262523, 3.1073882451977424], "COSMOS-168": [1.2361355865772672, 1.3923601136181674, -1.998647219264204, 2.467487186944833], "COSMOS-172": [1.268493822579869, 2.0158654944934398, -2.0040730911951092, 2.817723068520084],