{"AEGIS-aegis_054": [1.0222509263757855, 1.529499241007294, -1.9975656880033759, 3.0260046804125897], "AEGIS-aegis_583": [1.1325969672702034, 1.8709574995129645, -1.9992944119260339, 3.024233115706456], "COSMOS-1652": [1.0681890779820973, 1.0238355067627194, -1.9977767118767407, 2.997180285667687], "CDFS7Ms-193": [1.2309725431540428, 1.6865511763281924, -1.9999859140204705, 2.1383003870868116], "COSMOS-909": [1.5368170353183452, 0.6629038965782921, -2.25634396100153, 3.2541134106793312], "CDFN-54": [1.3033693466181642, 1.4857549614818688, -2.0050858409291914, 2.922436908491501], "COSMOS-579": [1.009035268402895, 0.5623789522153158, -1.9917233482399792, 2.991652536232906], "COSMOS-84": [1.2105625555584898, 1.8206162301326092, -1.999903603399718, 3.004798000262018], "AEGIS-aegis_890": [1.1523557335792352, 0.4648136518832543, -2.4018652166615957, 3.401797077850382], "CDFS7Ms-144": [1.2578792303459538, 2.5365765399315565, -1.9985984735919105, 2.538326436670218], "COSMOS-1398": [1.0869912673418756, 1.165481846180967, -1.9979112078131966, 2.994927755839784], "AEGIS-aegis_392": [0.98808236981555, 1.3272564907506499, -1.9956361904111592, 3.00287447914517], "CDFN-659": [1.032223421910539, 1.3217410359999942, -1.9972676244453966, 2.9952384250321615], "COSMOS-71": [1.1600382689947237, 1.812051738632232, -1.9998704692652898, 3.0150644308127466], "CDFS7Ms-131": [1.0100078421341498, 0.9268428414152554, -1.999844678664947, 2.995877603309412], "AEGIS-aegis_263": [0.9759251296453229, 1.2253869645394184, -1.9947872760321748, 2.9961425913075264], "COSMOS-1506": [1.0451861913735712, 0.9750284905781934, -1.997644361020177, 2.995033544935565], "CDFS7Ms-161": [1.2754390007371708, 3.716276238533828, -2.001171720256031, 3.003422364230839], "COSMOS-890": [1.051547254630878, 1.283323076072889, -2.0001143213199533, 2.998587288305079], "CDFN-675": [1.0947218347484449, 1.437803889857313, -1.993488098365832, 2.999903701908065], "CDFS7Ms-182": [1.6511653407993907, 1.7897906899991025, -2.0385450085602272, 2.5437531126455903], "COSMOS-355": [1.0546454396203577, 1.4176542296379084, -2.0000073539113705, 3.01203366732404], "COSMOS-132": [1.3888106194463994, 2.4004925022452195, -2.0059084486252408, 2.864587145077082], "COSMOS-401": [0.9329873035082994, 0.797230687963588, -1.997405311080521, 2.9960762681904076], "CDFS7Ms-151": [0.9263230087116725, 1.0282444230970893, -1.998148989721648, 2.9963830257602098], "COSMOS-459": [0.9978853398746503, 1.1332032869214301, -1.9989034262702983, 2.9967666496759326], "AEGIS-aegis_450": [1.0579814969813974, 1.7290438166211253, -1.9984596465541264, 3.0451489442387407], "AEGIS-aegis_882": [0.9472531044497474, 0.7771311668902972, -1.9995683598642868, 2.998312094537939], "COSMOS-63": [1.100455445883612, 2.3040834717074654, -1.999516742769068, 2.4333478785738487], "COSMOS-763": [1.1500856077753139, 0.8939053164205734, -2.0004036600709574, 2.999391666763784], "COSMOS-1474": [1.1679679092301116, 1.0413312697072232, -1.9965991389085127, 2.995918891573813], "AEGIS-aegis_477": [1.160018893913695, 2.3452980266555588, -1.9994677334012732, 2.4443571249671416], "CDFN-556": [0.9786839625818722, 1.2105783911156554, -1.997095961066054, 2.992075817287084], "COSMOS-210": [1.1684776807729846, 1.5152480405279447, -1.9986925333694034, 2.99797699652746], "COSMOS-460": [1.3450352496927747, 4.053342960238403, -2.0014040878804282, 3.394681283503645], "COSMOS-1404": [1.193737377640332, 0.9481231408061188, -1.9995916069551498, 2.9994797762812992], "CDFS7Ms-134": [1.2057666430165939, 1.8267723574003671, -1.999798247165115, 2.7985186898087147], "AEGIS-aegis_515": [1.2705954290809722, 2.406429702182979, -2.000126754483002, 2.993705579604004], "COSMOS-814": [1.3565323899297783, 0.8305771335234029, -2.069050272114257, 3.06604467906226], "AEGIS-aegis_006": [1.1087517704700747, 1.3377219425200253, -1.9997235515997485, 2.998173949590091], "AEGIS-aegis_884": [1.1327413437477276, 0.7261937388966128, -1.9945256011826626, 2.9927684844841806], "COSMOS-1427": [1.2914319526293867, 1.0213970358802031, -2.011824882334655, 3.009071765326895], "COSMOS-145": [1.0498519947802807, 1.2077031520866814, -1.9968513164334203, 2.9974248816391373], "CDFN-61": [1.0013994509706325, 0.9329646128744824, -1.999470828021558, 2.9988725105297265], "AEGIS-aegis_038": [1.3045566011092125, 2.5737141964665, -2.001711407652042, 2.9592672935062394], "AEGIS-aegis_707": [1.0454096924629912, 1.5915111851299006, -2.000005772473468, 3.0080691926809164], "COSMOS-784": [1.1166415759322228, 1.1758244227922923, -1.9997868105897, 2.988992728241655], "COSMOS-677": [1.0304462241340104, 1.2921818848356004, -1.9997609684961954, 2.9919334005284948], "COSMOS-372": [1.2102195876755117, 2.15960875071863, -1.9998649175503929, 2.8264108160179555], "AEGIS-aegis_004": [1.0502112643094452, 0.997276390457615, -1.9995604796479378, 2.995207011698659], "AEGIS-aegis_267": [1.3385480983497313, 1.6946267346658654, -2.0067425206645133, 3.000043248372143], "AEGIS-aegis_437": [1.0187159322301933, 1.3397960745516362, -1.9991129600598492, 3.007951112434726], "COSMOS-399": [0.9404359809510725, 0.6376037153323084, -1.9993303525991446, 2.9979125313465045], "COSMOS-94": [1.1517209359500022, 1.7957072335037847, -1.9961623314655172, 3.038485991166685], "COSMOS-611": [1.0700671903933041, 1.0776476331407294, -1.9993655577664322, 2.988740731582196], "CDFN-440": [1.1134581920870832, 1.5986881278091158, -1.9986315495287474, 2.6551843679767133], "COSMOS-495": [1.100200720777775, 1.4076015136949818, -1.9994585914040126, 3.003938696952102], "COSMOS-423": [1.0877715904391012, 1.3405531241552766, -1.9964814628365013, 2.987291800306161], "COSMOS-502": [1.2448284514605121, 2.312349696572684, -1.9997660318606112, 2.592759194469437], "AEGIS-aegis_313": [1.1229088206241222, 1.1249986466204929, -1.995341267304123, 2.977574777332459], "COSMOS-32": [1.066613892966236, 1.4182359766312063, -1.999641727204611, 2.9939964403810815], "AEGIS-aegis_327": [1.0908116609294756, 1.55244975249948, -1.9977373560090252, 3.006475911029297], "AEGIS-aegis_458": [1.3207991745024863, 2.0786372116219, -2.004404994936708, 2.994039871151014], "CDFN-120": [1.2159696205522699, 1.789847400938398, -2.0015305286671645, 2.876439521992928], "AEGIS-aegis_275": [1.112734836919515, 1.1469582267079965, -2.0009161877746227, 3.000538373865963], "COSMOS-670": [1.1955953664987284, 1.7710088029857447, -2.0008244971917666, 3.0042566843670606], "AEGIS-aegis_371": [1.2347192592777998, 0.8350689494374073, -2.0002591602883606, 2.9990493527022357], "AEGIS-aegis_564": [1.1089383888145625, 2.894995252441139, -1.9973306911215754, 3.2934724556293618], "COSMOS-51": [0.997601381407222, 0.5452401244092433, -2.010027029368504, 3.0097604157619364], "AEGIS-aegis_644": [1.0547689520591346, 1.4696756328979501, -1.9993983522009033, 3.0037528346734788], "COSMOS-329": [1.190369199284412, 2.3589516435404136, -1.9993182690990805, 3.008915031814863], "COSMOS-884": [1.0615839274101657, 1.0385991714190297, -1.998682466902424, 2.997867681532724], "COSMOS-757": [1.1393747153645948, 0.9267487923352963, -1.9966262995680712, 2.9957094277134875], "COSMOS-1438": [1.269852817150821, 0.8558386610921211, -2.0112455209265736, 3.0097007782903824], "AEGIS-aegis_406": [1.2451564472227827, 0.9588627046065262, -2.002406828508439, 3.000972622872038], "COSMOS-1584": [1.2007580519842986, 0.9904722719708956, -2.0019297956607174, 3.000021382184634], "AEGIS-aegis_837": [1.0373058759411506, 0.9203606199526799, -1.9984275424644307, 2.996653602431665], "AEGIS-aegis_598": [1.1485314540478702, 2.4045304421921485, -1.9977145365753692, 3.1747755960411164], "CDFS7Ms-129": [1.2689567453066881, 2.082109485839041, -2.000866401012823, 2.8273787009961353], "COSMOS-747": [1.0420491656315094, 1.3001370705079296, -1.9969922971019083, 2.9991825437341424], "COSMOS-613": [1.1177974943193119, 1.3792779597477072, -1.9983698321214247, 2.9731987879967434], "COSMOS-614": [1.0102683960165129, 1.430754015604834, -1.9997925570060535, 3.006419320130255],