{"CDFS7Ms-414": [1.054877255519524, 1.332592615536746, -1.9995939271820036, 3.0022042577562047], "COSMOS-1469": [1.200019473005001, 1.0100251245457073, -1.997371763353358, 2.995073433501167], "AEGIS-aegis_229": [1.185741610782686, 0.7319031996889453, -2.0126193353565354, 3.0115840066004207], "CDFS7Ms-008": [1.194794570105933, 2.068211082088843, -2.001643692303629, 2.6939446227568484], "CDFS7Ms-045": [1.175379976648134, 1.85926143237772, -2.000100763823235, 2.4145259339628553], "CDFS7Ms-040": [1.248419913391317, 2.806399854175149, -2.0017475089294035, 2.803093474870592], "CDFN-122": [47.21399406418357, 0.9247684518363928, -18.4588673529959, 19.458842234898356], "COSMOS-1498": [1.052410827133123, 1.2154567394797005, -1.9957054730415162, 2.9961459999173123], "AEGIS-aegis_203": [1.1400396341608, 2.5591726864677398, -1.9989157644150823, 3.2553580495621506], "COSMOS-1499": [1.1246737994483995, 0.9402223093497224, -1.9995987218438134, 2.9981958443665047], "CDFN-500": [1.1536842218660959, 1.5884020280122932, -1.9977948921555002, 3.0009552714156573], "COSMOS-1518": [1.1014660809471328, 1.060899180720444, -1.998550640602887, 2.9964208218137305], "AEGIS-aegis_102": [1.0091093107791584, 1.3488701081990673, -1.9977373890114871, 3.0014806855602263], "AEGIS-aegis_024": [1.1447948269852666, 1.4336463681398282, -1.9997169485530675, 3.002946979702153], "COSMOS-1555": [1.0304813703871405, 1.0350684589090606, -1.997995548721043, 2.9972254835768], "CDFS7Ms-089": [1.4931999113593153, 1.584540118233914, -2.024763671199696, 3.015336835443116], "AEGIS-aegis_860": [1.0552156804539488, 1.0425885496214284, -1.9974287118887895, 2.99485995469745], "CDFS7Ms-015": [0.999050742492837, 1.3098677325556312, -1.9989275127303376, 2.8334865190222716], "COSMOS-652": [1.1067278673067937, 0.6484025875201707, -2.0008269775464522, 2.999787376957591], "COSMOS-1592": [1.1755619554479533, 1.1214247471773686, -2.001234907936178, 3.0014314577682466], "COSMOS-1402": [1.0304859877292283, 1.2681662109247478, -1.999932326641722, 2.99420416479217], "COSMOS-1513": [1.0310488929103663, 1.0153173927448305, -1.9987025968954735, 2.995531089325823], "AEGIS-aegis_584": [1.1605286003152764, 1.4248097410759915, -1.9997539788288368, 3.0053213170885473], "COSMOS-622": [1.0935043359107997, 1.689633521565998, -1.997711155998931, 3.049536938729789], "AEGIS-aegis_367": [1.0726753299926874, 0.9725384720478556, -1.9976976161717488, 2.997221319702976], "CDFS7Ms-081": [221646975.60488147, 2.0543209889327345, -57517877.883649774, 57517878.895958126], "AEGIS-aegis_580": [2.093010892005413, 0.7391944566810761, -2.157593982240597, 3.157543841415393], "COSMOS-1622": [0.9746340040871605, 1.0156390653778065, -1.9999641108474626, 2.999923462224234], "COSMOS-1456": [1.3512754485488214, 0.9120505586277714, -2.0737530097560213, 3.0711400384629606], "CDFN-594": [1.2898242841840233, 0.9361902002935594, -2.0004862221246076, 2.999746731378063], "COSMOS-779": [1.1428958981268191, 1.9723771837752713, -1.9992632773738146, 3.059874999059468], "CDFN-463": [0.9740578109743399, 1.534374976841788, -1.9998861354454156, 2.944616066054559], "COSMOS-378": [1.1101249093377268, 2.407572643859488, -1.9990712974277187, 3.2044972256175175], "COSMOS-1458": [0.9977905500665408, 1.3095154598264984, -1.999053835009015, 3.0013210380220157], "COSMOS-700": [0.9802342657891581, 1.2449910329388434, -1.995712029719125, 2.9974360480441367], "COSMOS-1441": [1.1279387941002859, 0.785239662999103, -2.0101014515672535, 3.0063120983413647], "CDFN-14": [0.984359691965863, 1.3265287855908607, -1.9992791252611497, 3.001560357785258], "CDFN-358": [1.007431542834487, 1.6064426938758491, -1.9996494562635077, 2.9863927124057703], "COSMOS-1509": [1.095830082013834, 1.0932371874296214, -1.999788734533292, 2.999189581378851], "COSMOS-1409": [1.0448112925689492, 1.2183588903634293, -1.9987330551880866, 2.9901885730677256], "CDFN-196": [0.968765407596512, 0.9843330009123136, -1.9990148900244342, 2.9962809095694265], "COSMOS-1491": [0.9774694012737691, 1.1652997895851591, -1.9978953335157938, 2.995639885163637], "AEGIS-aegis_198": [1.0760960574031138, 1.0916096044419612, -1.9997350133207288, 2.999328418538198], "AEGIS-aegis_823": [0.9759695637331706, 0.6096943339497667, -1.9997583152123204, 2.9995881227771526], "AEGIS-aegis_878": [1.1588176228692686, 2.0600412469915748, -1.9973007435999905, 3.0235014165115195], "CDFS7Ms-090": [1.416264394927646, 0.5953774241022214, -2.007011893834358, 3.004504637765013], "CDFS7Ms-029": [0.752313291136463, 1.006537235474665, -1.9996940902417553, 2.9894086711755725], "CDFN-641": [1.592790355021316, 2.886454064550431, -2.016998989036212, 2.660418864977395], "CDFN-331": [1.0750212385265723, 1.3971923621385238, -1.9987561843416084, 3.006256563815795], "AEGIS-aegis_728": [1.0532254685143991, 1.2737155160564657, -1.9996706463118883, 2.9996014299430924], "CDFN-622": [1.2881816504186152, 1.414567337250173, -2.0046432859030756, 3.002691843873616], "AEGIS-aegis_671": [1.057997269099852, 0.9627797644383526, -1.9982374600035102, 2.9967366168711815], "COSMOS-1413": [1.0252176117947376, 0.8800954045424829, -1.9976442426133345, 2.996107851461857], "COSMOS-748": [1.099418490663862, 1.5950537306193238, -1.9989410535304886, 3.026644710289915], "COSMOS-886": [1.0594974657881806, 1.0321603412977334, -2.0000677880939866, 2.9992554157133093], "COSMOS-1581": [0.9811643190031147, 1.2065071386461717, -1.9981656842216295, 2.9978285385003116], "COSMOS-716": [1.1585570236805167, 0.7019400166324183, -2.017676939412746, 3.0170504834381937], "CDFN-322": [1.2819039711128903, 1.6708349666648412, -2.000672019208057, 2.8654221425079442], "AEGIS-aegis_848": [1.0915539124486275, 1.3807569618404547, -1.9948297738627867, 3.0025574383319933], "COSMOS-511": [1.1416287355980788, 1.8505442121860902, -1.9998686674322024, 3.0302996158400832], "COSMOS-101": [1.1130048333088478, 1.411850959288197, -1.9998350598756276, 3.0161937594286026], "COSMOS-1493": [1.1507212373608564, 1.2246811701592495, -1.998450010432888, 2.9980934054093935], "COSMOS-691": [0.9558739774016227, 0.9295127531855667, -1.9986595073488318, 2.996431843354997], "COSMOS-23": [1.0482910898290583, 1.149879600714451, -2.0000148940816724, 2.9983554882384453]}