{"CDFS7Ms-149": [1.2959343436800814, 1.95167843948764, -1.9998194107537253, 2.849014316770552], "COSMOS-161": [1.0418081507327566, 1.3484974902355957, -1.9998081347434138, 3.0049220371852705], "COSMOS-1549": [1.162251391129217, 1.0934406244114965, -1.9978253714743617, 2.9936030342958704], "COSMOS-640": [1.1741084352398867, 1.0379214295752122, -2.0004440307587865, 2.9989175538610073], "CDFS7Ms-019": [1.1052316906235897, 2.3363344882747894, -1.9997633154820216, 3.052782637085333], "COSMOS-477": [1.0541109916743467, 1.1617216506666903, -1.9997415454787943, 3.0001520423282644], "COSMOS-1524": [1.157923977825442, 0.9486886733281287, -2.0009132344529, 3.000560880126687], "AEGIS-aegis_832": [0.9292568157355563, 1.0901979705197111, -1.9978153099642817, 2.9949794899167674], "COSMOS-1544": [1.097073548782185, 0.9878392867448863, -1.9975421836525649, 2.996797960345334], "COSMOS-785": [1.2299284542036333, 1.2341471362066851, -1.9988037953983264, 2.9898363115650657], "COSMOS-1548": [1.3324261621648157, 0.961133526927661, -2.0231531794076476, 3.0211561929659623], "AEGIS-aegis_150": [1.0826182654233962, 1.4276689564181013, -1.9988859688332081, 3.0076681452586604], "AEGIS-aegis_015": [1.2981428405398074, 2.9127838157771238, -1.9988039777047497, 3.0540138820304357], "COSMOS-1495": [1.136966011207496, 1.0705962869252277, -2.0001958095862307, 2.99902593870544], "COSMOS-251": [1.0904104114092878, 1.107494573307628, -1.999463419903103, 2.9944566484733106], "COSMOS-143": [1.0697470179637225, 1.3002305954068036, -1.999934232327639, 2.9977325945462203], "COSMOS-581": [1.179512494576079, 0.4563138300079167, -2.39503337766082, 3.393492661688965], "CDFN-130": [0.919632634968838, 0.9012415508069618, -1.9989646135416452, 2.9986371001112557], "AEGIS-aegis_108": [1.0665516317334052, 1.4500068163219506, -1.999953261662002, 3.006275201877133], "CDFN-143": [0.9928949480334108, 1.2063576170383357, -1.9989912690030625, 2.996246337008748], "COSMOS-604": [1.9315585149535504, 0.7479822645921657, -2.0503986963002427, 3.049816327235435], "COSMOS-158": [1.1489948478633139, 1.6776829353226792, -1.9985007214907082, 3.0173408649146216], "AEGIS-aegis_650": [1.1145118468366264, 1.7565077710974963, -2.0001887586231706, 2.9365138279510856], "CDFS7Ms-202": [0.8146287554021259, 0.7571681676978559, -1.9964869971079406, 2.96903542330014], "COSMOS-376": [0.9658248834090222, 0.9994447116788792, -1.9989592561890952, 2.998489856430428], "CDFN-428": [1.179279180965388, 2.700054789724491, -1.9996988225198518, 3.3354465686625447], "COSMOS-553": [1.0648451418185139, 1.087308354417381, -2.000134079531836, 2.9976500987204266], "AEGIS-aegis_522": [1.0852029846675624, 1.1127693898434448, -2.000086603244318, 2.993768298198063], "COSMOS-269": [1.0226641056421462, 1.3845791926300715, -1.998654371134664, 3.0084546680288575], "COSMOS-377": [1.2982057875076831, 2.3178640514007287, -2.003597660383761, 3.011271888170695], "AEGIS-aegis_375": [1.2038682467541046, 2.277593919183341, -1.9992524713017175, 3.0316832652422274], "COSMOS-1598": [1.3137558364478388, 0.9936045467277159, -2.011523442321897, 3.0096359807218183], "COSMOS-496": [0.976584439567819, 0.9931996664485992, -1.9930933159475255, 2.9894719962807934], "COSMOS-533": [1.0590261120394457, 1.0885559543434977, -1.999979881798951, 2.9979395075711253], "AEGIS-aegis_101": [1.1126825894374417, 1.7412359695635242, -1.996272469336072, 2.979260895843501], "COSMOS-563": [1.0812981655940113, 1.2707303968057393, -1.9978458471632121, 2.9998821399447477], "COSMOS-1637": [1.073772804992588, 1.1132529932971091, -1.9983399545431975, 2.9810655629895115], "COSMOS-25": [0.999478957921218, 1.2536486515539182, -1.999991342111162, 2.998898275388038], "COSMOS-1501": [1.158502479732856, 0.853989831808335, -1.9873229955545701, 2.9856638043477197], "COSMOS-167": [1.1027304333911658, 0.960437554199602, -1.9995654183835998, 2.999340467791151], "COSMOS-859": [1.0628945577731486, 1.0958774874701263, -1.9964336619850398, 2.9961573769256167], "COSMOS-1428": [0.9477962178290149, 1.021474749088319, -1.996159652625624, 2.9940431826101257], "CDFS7Ms-098": [1.3592930318828396, 3.116696078995351, -2.003928143199808, 2.908412040723939], "COSMOS-1473": [1.1779002191378105, 0.9626308774904573, -1.9890689449139953, 2.9888810227881737], "AEGIS-aegis_682": [1.2356213262865292, 2.2235766176228227, -2.001446442388029, 2.9120859023214107], "COSMOS-609": [1.1617793042531086, 1.6288565054989297, -1.994699759733607, 3.0177876348841357], "COSMOS-1437": [1.2393017740916268, 0.9914418907858372, -2.006776346822147, 3.0027723584771264], "AEGIS-aegis_132": [1.1605475793720696, 1.817391055666337, -1.99988106889347, 3.036684334044852], "AEGIS-aegis_870": [1.2060478262321008, 1.1605234172505652, -1.999386341395446, 3.0003095313948887], "COSMOS-333": [1.210308878542273, 2.571521394714585, -2.0005392835776687, 3.2069469109830324], "COSMOS-1420": [1.048746334331172, 1.19424360908218, -1.9983301411250998, 3.000399270560008], "COSMOS-83": [1.1239397760621745, 0.9852333677903242, -2.000581156772096, 2.9984052006641733], "CDFS7Ms-316": [1.3721077104096064, 1.8035690939116582, -2.0101238987916226, 2.517059586647373], "COSMOS-673": [1.106853769412289, 1.1148732084230994, -2.000249144074922, 2.998009096301059], "COSMOS-539": [0.9819015681445595, 1.0160984027642115, -1.9994166191397253, 2.9979762553806704], "COSMOS-556": [1.0802280408012788, 1.8655836605184206, -1.9963543192085162, 3.0852653546296525], "COSMOS-490": [1.1038902429815252, 1.2285002354981462, -1.9989840773650316, 3.0011102857109293], "COSMOS-289": [1.1994100437030384, 1.2706199620513958, -2.0006505295138544, 3.0037767602173897], "CDFS7Ms-463": [1.0127171595511233, 1.0879167556495153, -1.9997921131973442, 2.996444073018387], "COSMOS-1510": [1.151725458169348, 0.9935373600839178, -1.995547254428872, 2.994998010934446], "AEGIS-aegis_408": [1.1695568691123113, 2.255183081193758, -1.99992079910087, 2.7629558003195873], "AEGIS-aegis_545": [1.1788747850532455, 1.4002544222824316, -2.0004297391729438, 3.0051966482467245], "COSMOS-74": [1.1771180491031488, 2.655094366521258, -2.000453304415734, 2.958259558522157], "COSMOS-1535": [1.0758970513931092, 1.2134034271613576, -2.0000053586383384, 3.0012322429874905], "AEGIS-aegis_087": [0.9838661850557302, 1.191305442790672, -1.9970383339546953, 2.99280257923506], "COSMOS-871": [1.0313034266866619, 1.2521689972831767, -1.9983209673843547, 2.995893746945132], "AEGIS-aegis_560": [1.0734948308129062, 1.6446641171608267, -1.9986979750473401, 3.0255605319594636], "COSMOS-778": [1.021942094716927, 1.070917226318525, -1.99931543001304, 2.997581145072872], "COSMOS-1545": [0.9658285335784653, 1.0994693095688712, -1.9985547632906664, 2.997044954341872], "AEGIS-aegis_443": [1.1901255608744323, 1.917339328093632, -2.000531609861501, 2.47461728459848], "COSMOS-1521": [1.0431291831113976, 1.0479689266958032, -1.9997444544591718, 2.9971549806923825], "CDFN-595": [1.3624166591388496, 1.1819573267026733, -2.0092926769749933, 3.0040227061233358], "COSMOS-296": [1.0131834172925835, 1.226209367106792, -1.9949424393419446, 2.9975657186979903], "COSMOS-307": [1.0754802686500322, 1.4112583569116817, -2.000053228804628, 3.0080223537157114], "COSMOS-107": [1.1198328424300912, 1.2430228000847645, -1.9980923402747979, 2.999279532430113], "AEGIS-aegis_772": [1.0879069934133787, 1.422724898457481, -1.9999190646119516, 3.0075183456742067], "COSMOS-1567": [1.0588722616344894, 1.078060639709264, -1.9988167475838305, 2.9989908537904535], "AEGIS-aegis_330": [1.036599496334647, 1.3558071744817535, -1.9971799508001817, 3.00130320627805], "CDFS7Ms-052": [1.5215011125256472, 1.7808007427850137, -2.0197990161717367, 2.444094385079432], "COSMOS-78": [1.0923222504805268, 1.3140337539899596, -1.99986979473995, 3.001017875700504], "COSMOS-390": [1.1139496241903566, 1.1891129776758036, -1.9954118745682825, 2.99086116517189], "COSMOS-1505": [1.0249806503902361, 1.0332787833048573, -1.9994422703336507, 2.997592199997709],