{"COSMOS-118": [1.2327452563421688, 2.461098724265026, -2.0003727484215563, 2.997955552266925], "CDFS7Ms-174": [1.2182394014761868, 3.8794814567767286, -1.9998356685981227, 2.460112308685339], "COSMOS-407": [1.3078972628605023, 2.2622453236024507, -1.9995404476825906, 2.9472000478137805], "COSMOS-123": [1.2017758173552062, 1.3552495284397001, -2.000767975695683, 3.002763862887303], "COSMOS-641": [1.1239759761127086, 1.4787601410720976, -1.9996045331709946, 3.0157707472092232], "COSMOS-913": [1.242343869150806, 0.8235715818674606, -2.0068647561539352, 3.004128795843874], "CDFN-541": [1.1751255432997272, 2.260217032917259, -1.9994570805706362, 3.1532896227185274], "COSMOS-97": [1.1639704904191963, 1.8350320075526982, -1.9990137792056768, 3.028739427141358], "AEGIS-aegis_429": [1.3339536106144223, 2.4434771195618756, -1.9998914322727066, 3.0632526462384035], "COSMOS-668": [1.1467009476374916, 1.0859996796485492, -1.9965159909999837, 2.9940206542676906], "COSMOS-297": [1.2022419300719622, 2.014462913808108, -1.9967966701959532, 3.008480217193021], "COSMOS-339": [1.1093134671142217, 1.8091707998739572, -1.9993516731256662, 2.9110765442880577], "COSMOS-911": [0.9991811983311425, 1.1098786821917046, -1.998684771545412, 2.985863270548413], "COSMOS-65": [1.3451997206810484, 0.9967735338350794, -2.019768594509957, 3.018058908104779], "AEGIS-aegis_708": [1.100087199646146, 1.3315862187925536, -1.9975767870687204, 3.004865653850779], "AEGIS-aegis_928": [1.2005133162590629, 0.997178448195711, -2.0003825182397144, 2.998350563588533], "AEGIS-aegis_763": [1.1222589287779798, 1.9863495268279012, -1.9988600945090553, 3.062101199495415], "AEGIS-aegis_803": [1.235395255632145, 1.6585407511750256, -2.0014386591364617, 3.008608182995], "COSMOS-741": [1.4808363310604382, 0.7963418987730679, -2.0436223560521443, 3.0433949126851045], "COSMOS-537": [1.0980739751555813, 1.1768830353330886, -1.9956320362699236, 2.99449767393374], "AEGIS-aegis_077": [1.12075307468592, 1.7605539660228664, -2.0001508655167832, 2.9818512265977484], "COSMOS-469": [1.0239591617465507, 1.1024301393269391, -1.9981690493616866, 2.9978751090978033], "AEGIS-aegis_238": [1.039396689893115, 1.1133421533982486, -1.9992675426246054, 2.9975820877219967], "AEGIS-aegis_536": [1.226963396652461, 2.0050538443856354, -2.000238504747767, 2.7224046730959564], "COSMOS-554": [1.235340536650972, 1.0368908851223826, -2.0043199505686986, 3.0039201097518555], "COSMOS-164": [1.0684607360216927, 1.9893891839040776, -2.0000224097502297, 2.953188331643061], "COSMOS-678": [1.2185122143675182, 1.765399551710491, -1.999218281875022, 3.007865536418433], "COSMOS-1440": [1.0939745647343537, 1.3018511306659408, -1.9998382374078347, 3.0004732033965205], "CDFS7Ms-016": [1.1926916212402707, 1.078108019406296, -1.9970558981578392, 2.985789883346344], "CDFS7Ms-111": [1.3975865456756784, 1.0735965578762794, -2.0178870590088036, 3.01525369548349], "COSMOS-429": [1.1293030197388054, 1.5684772374315068, -1.999552133372921, 2.995306712279419], "COSMOS-1434": [1.215648728262014, 0.946152998691449, -2.005509930309794, 3.0032845862481032], "COSMOS-636": [1.2795362309157667, 1.575310233587968, -1.9980052001384387, 3.008367678407854], "AEGIS-aegis_289": [0.9839394793444549, 1.0981695681800618, -1.9971558669301595, 2.9917941306514244], "COSMOS-679": [1.2285114068007363, 1.8124212649230609, -1.9965060379367896, 3.0149595502974167], "AEGIS-aegis_249": [1.0985116734187685, 1.0008345278211404, -1.9996097780497863, 2.9958372129923827], "AEGIS-aegis_338": [1.117165794533033, 1.7400624755387377, -2.000127829511552, 2.9768685196591576], "COSMOS-800": [1.3813053457048845, 0.9990403876432605, -2.000837109265875, 2.999776869979024], "AEGIS-aegis_668": [1.0150745116502489, 1.680784990497443, -1.9983681450761241, 3.0017171932489313], "COSMOS-894": [0.9533068415569672, 1.1070185822930043, -1.9968581772312544, 2.9926118007183984], "CDFN-517": [0.9887354548626182, 0.9782036696977865, -1.997494896202022, 2.981967935676316], "COSMOS-837": [1.4965196903165898, 0.6971441669612661, -2.335553841131397, 3.33500952174007], "COSMOS-558": [1.0404468258206019, 1.5366410284155712, -1.9964740400254894, 3.009896644468248], "CDFS7Ms-337": [1.0593062027655356, 1.6006751821548155, -1.9993201336322803, 3.0208059523217234], "COSMOS-704": [1.3941483549321472, 2.8921250750588614, -2.003354948518912, 3.0707474195429887], "COSMOS-543": [1.2386630075970766, 0.9856655955812607, -2.000007741564584, 2.9991431428619832], "COSMOS-836": [1.0768834382335442, 1.298041982334415, -1.9989244204225334, 2.9981403389433323], "AEGIS-aegis_319": [0.9889468637526304, 0.9246942422759752, -1.9932113570227785, 2.8092608374238903], "AEGIS-aegis_648": [0.9979072480532465, 1.337207352887054, -1.999738827206103, 2.8806875357211634], "CDFN-95": [1.0518172149570288, 1.3817678514106295, -1.9961454390754787, 2.9919336367356433], "COSMOS-792": [1.2360875148115258, 1.1504484189705373, -1.9987743153450066, 2.997139914874187], "COSMOS-801": [1.243727525760959, 1.064210827843789, -2.0004615169221216, 2.9994743935672927], "AEGIS-aegis_621": [1.1691487247409917, 1.7134550841095577, -2.0002414610526174, 3.0408727692093676], "COSMOS-268": [1.224709024677268, 1.9348537212677517, -1.9973845088783646, 2.9753555842412096], "COSMOS-403": [1.1671354882859033, 1.2306365990450048, -2.0007615181005667, 3.0023662791000536], "COSMOS-383": [1.306972061583278, 2.365754555352341, -2.00044863562474, 3.1073335808875724], "CDFS7Ms-283": [1.1998593121267702, 2.44051212111179, -2.0001082930383456, 3.1556970091936374], "COSMOS-436": [1.025100903477885, 1.518225422277005, -1.9982648161785002, 3.0179025485628572], "COSMOS-382": [1.0950981501481625, 1.1357931002794335, -1.9928021803325933, 2.992913231801757], "CDFN-477": [1.300847251172084, 1.9208870515969725, -2.0017743691382046, 2.8846180431856157], "COSMOS-305": [1.0896662959807408, 1.5900222135484516, -2.0001349494767005, 2.9372412563933668], "CDFN-254": [1.1534705679402142, 1.9208517747880536, -1.9996867186600502, 2.383180813876156], "COSMOS-1508": [1.2067051186170468, 0.881292196269932, -1.9983300999734088, 2.9966623701942297], "COSMOS-827": [1.1484201578896314, 1.1233626726976285, -1.9985585248633035, 2.9972751385080816], "COSMOS-521": [1.1783711527598892, 1.8496921679726062, -1.9988104165625264, 3.0135097552433927], "CDFN-262": [1.1610490224918713, 0.6487994375796968, -1.9947422354669153, 2.992794939713117], "COSMOS-1575": [1.1082151757626093, 0.9826190475200081, -1.9976552225189148, 2.9973181582527104], "COSMOS-658": [1.1109208810257671, 1.2306720897614656, -1.9964537923010313, 2.9926079708710676], "COSMOS-625": [1.0949766151151643, 0.98622699098539, -1.9989201287200316, 2.994665625373356], "COSMOS-303": [1.1384480061382092, 1.650927966463457, -2.0006917310335792, 2.9815695481282622], "COSMOS-479": [1.2239780601899266, 2.1153134437432364, -1.9987961165892776, 2.7306694611072206], "COSMOS-179": [1.0794778190074314, 0.9305180120761389, -1.9979672203439591, 2.996867837442259], "AEGIS-aegis_918": [1.0169792683846355, 1.5958991248547794, -1.9990221253804092, 2.942417551057491], "COSMOS-644": [1.160193719810792, 1.7242627840638804, -2.00060505785825, 2.9832000058977926], "COSMOS-561": [1.3113636616406992, 1.0184455871185247, -2.0033115543389166, 3.003328021778349], "CDFS7Ms-150": [0.9705093126300605, 1.4535966184607063, -1.9988063517887884, 3.033112625808004], "CDFS7Ms-183": [1.0223699602567309, 1.7345331238853052, -1.999450101748843, 3.010066215692399], "COSMOS-1543": [1.2650641473389062, 0.9100243316854386, -2.0026956840918677, 3.0013018737430146], "COSMOS-568": [1.1260487359040219, 1.553791806131684, -1.9915133010803072, 3.017422337653536], "COSMOS-873": [1.1312988389277079, 1.5362430743250346, -2.0002414962299113, 3.021884467800673], "AEGIS-aegis_452": [1.1016043017641906, 1.081033939616842, -1.9995433113206138, 2.9994003401151055], "COSMOS-806": [1.12187397835375, 0.83504261711883, -1.9973458766050787, 2.997258311034232],