{"AEGIS-aegis_760": [1.1832604127370487, 1.850824733704374, -1.997870383594725, 2.607492860867967], "COSMOS-503": [1.1350213587282685, 1.5700411917488464, -2.000730687269991, 2.7775494825273555], "COSMOS-361": [1.2857109146322552, 1.164289590051249, -2.0072994274403104, 2.9815879834585743], "COSMOS-302": [1.1657850653186963, 1.7984060016178545, -2.0001377017538857, 2.7605797649722437], "AEGIS-aegis_192": [1.537197860493741, 1.3221051137313147, -2.0406456018132366, 2.7998319999742343], "COSMOS-690": [1.0640096314598126, 1.1807919361177839, -1.9992177700598655, 2.996509595358126], "COSMOS-102": [1.351659198510407, 1.4931538894647542, -2.0079616223416226, 2.8207361547912733], "COSMOS-703": [1.175716215427024, 1.6196525105773754, -1.9927905683576426, 2.9924239336933782], "CDFS7Ms-194": [1.0483129612135835, 0.9393039996106447, -1.998575091022461, 2.8897585446126097], "COSMOS-299": [1.2178261164002957, 1.7386338037793885, -2.001034497268156, 2.8894561985962595], "CDFN-29": [2.1119830810706604, 0.9756539249843299, -2.5128944927067227, 3.5097880604769034], "COSMOS-358": [1.3113569580399538, 2.1051797823641487, -2.001207912621129, 3.096168398111391], "AEGIS-aegis_287": [1.0442366731716812, 1.6234679668145673, -1.997299039541771, 2.8041114002010303], "AEGIS-aegis_505": [1.2735334563252523, 1.4962394190621688, -2.0053231744720525, 3.001508152021398], "AEGIS-aegis_130": [1.371298937229662, 1.8168772821060375, -2.0075124901209547, 2.9999477506620806], "COSMOS-31": [1.0864275880500347, 1.3156016045167718, -1.999894662131951, 2.9945615845689613], "COSMOS-124": [1.184630398850399, 1.6559241413751629, -1.9973994703797828, 2.9485934132319507], "CDFN-242": [1.161845057083041, 1.761247091678871, -2.000604834415575, 2.969942115063903], "COSMOS-170": [1.255231405582089, 1.7302655246351246, -2.0017518974726123, 2.610003914834355], "CDFS7Ms-171": [0.6821418907745658, 0.6950674322494721, -1.9958030220875052, 2.9015877850214364], "COSMOS-862": [1.0728114555096404, 1.304467542865683, -1.999205997126713, 3.001407288653004], "CDFN-455": [1.3378220024423024, 1.6659413108501429, -2.0029205328982638, 2.7899536930100535], "CDFN-419": [1.0755176060224956, 1.3417198277297875, -1.9956621166792203, 2.996576027407477], "AEGIS-aegis_815": [1.1679398543202983, 1.263703587403437, -1.9992103036797866, 2.9879629681731164], "COSMOS-844": [1.2277799472244215, 1.8794665003082105, -2.002371165172985, 2.917621513861392], "COSMOS-486": [1.0946383086532712, 0.9741033119790043, -1.9982174040248086, 2.9908843624685346], "CDFN-412": [1.2665978597202394, 1.9094132863376325, -2.0019601839014776, 2.491604317473911], "CDFS7Ms-199": [1.3960051927095778, 2.4310180496258242, -2.0068820103031157, 2.510039015770155], "COSMOS-400": [1.0937054519069433, 1.1634919743926908, -1.9998094362910064, 2.972990966535413], "AEGIS-aegis_811": [1.0315091791967879, 0.9203325141780128, -1.9977302175749485, 2.9965289482644835], "COSMOS-398": [1.176402335933649, 1.0684091572396277, -1.9982554708724503, 2.995719255603324], "AEGIS-aegis_298": [1.0894718674435084, 0.9699084998833534, -2.0002744671485093, 2.6872182957991386], "COSMOS-294": [1.4671504758007523, 1.5448600458134312, -2.0233098563173404, 3.023738115254217], "COSMOS-291": [1.208537130779165, 1.4115545009415458, -2.000739562309679, 2.974463400879456], "COSMOS-47": [1.0775829162032569, 1.4439840408443458, -1.9985737680615792, 2.9835695646594873], "AEGIS-aegis_140": [1.3505774684369225, 2.1550763633974896, -2.004179280926028, 3.0121518428873726], "COSMOS-373": [1.1331787708905312, 1.7643332680382542, -2.000196032250352, 3.00023463292234], "COSMOS-528": [1.0523721704487883, 1.087340182749798, -1.9979694806270658, 2.9796228400594442], "CDFN-361": [0.964816811089839, 1.0197686699626574, -1.9988346909989934, 2.998254600237356], "COSMOS-626": [1.1442794280896127, 1.6809869415527219, -2.000296180104158, 2.7886148422115546], "AEGIS-aegis_792": [1.2574359062264306, 1.7097286303267745, -2.0007551722617896, 2.731187416129726], "COSMOS-7": [1.383861942099126, 1.9471224633982145, -2.0092334981209845, 3.012565481445017], "CDFS7Ms-091": [1.3209725462612167, 2.5472857620707776, -2.0023293824077775, 3.0078426843562136], "CDFN-309": [1.1630591066837814, 1.729787701456042, -1.9983179947102538, 3.0073698637623405], "COSMOS-156": [1.2041538877877098, 1.7470387354565418, -2.001386093400752, 2.96922883280238], "CDFN-615": [1.2915944143180345, 2.5324811235774902, -2.000539736388406, 2.7010269648140235], "AEGIS-aegis_144": [1.213357523848291, 1.7048830230847147, -1.989795874113693, 2.9830096898882474], "CDFS7Ms-200": [1.2714001913843505, 0.6099469853305617, -1.988644282399845, 2.9143692057453845], "CDFN-107": [1.0766315303097889, 1.1213797009366337, -2.0003659028195093, 2.9975767239687747], "CDFS7Ms-240": [1.1503950993437153, 1.9341319607809553, -2.000269492702424, 3.0155287788711735], "COSMOS-391": [1.0304827048337353, 1.332471802698458, -1.998532490995818, 2.7050113919796512], "COSMOS-630": [1.1418495689025518, 1.0923406320805935, -1.9988152147666023, 2.964236279187535], "COSMOS-214": [1.3909985206905338, 2.293386683712246, -2.008037366894608, 2.8733332444756225], "CDFS7Ms-153": [1.2100729327666344, 2.918047401603917, -2.000444041302131, 3.438269686552151], "COSMOS-19": [1.0707875452788256, 1.1079425558729759, -1.9991245777224365, 2.9512145478279166], "COSMOS-424": [1.175214039147884, 2.001705260143158, -1.9990840575670816, 2.742599347196778], "COSMOS-842": [1.1152391062385814, 1.5315965528779611, -2.000091806732134, 3.0110896820475244], "AEGIS-aegis_029": [1.2664824151137892, 1.5305439846526192, -2.0005083458887216, 2.6397043188950913], "COSMOS-337": [1.2683643282334756, 1.252577995261904, -1.9982265859427404, 2.967456440295739], "CDFN-617": [1.0481290354224941, 1.1905440952501136, -1.9953777910501547, 2.998547934573338], "COSMOS-405": [1.3014180286256776, 2.191127352109592, -1.9992563564736388, 2.913859362586899], "CDFN-653": [1.0530236935683712, 1.298751221510038, -1.9915947927163615, 2.9968527608937516], "CDFN-186": [1.199444966915734, 1.7727599869373498, -2.0008301405208417, 2.997876979630404], "COSMOS-483": [1.199221405806822, 1.8938823019035604, -2.0009450183685886, 2.679289090343546], "COSMOS-258": [1.1476545421233815, 2.059610147710942, -2.0002209877500974, 3.0365347221684837], "COSMOS-468": [1.1826616259230986, 1.5412181283648034, -1.996481502117185, 2.992180000354131], "COSMOS-852": [1.1172791093441257, 1.440689930416025, -1.999896199972798, 3.004107612289065], "COSMOS-421": [1.0994312606735932, 1.1434321301439256, -1.9984677172084735, 2.9981854083158463], "AEGIS-aegis_863": [1.297552042253778, 2.4513496149842795, -2.001730424353784, 2.495152935927959], "COSMOS-738": [1.3062788604331883, 1.9506894027325568, -2.0016085676832467, 2.9991627648406274], "COSMOS-165": [1.2799459059165574, 1.415650649448397, -2.004425275436082, 2.979289072612805], "AEGIS-aegis_459": [1.289112346480902, 1.5764753613264941, -1.9997963376265342, 2.7457909009241694], "COSMOS-422": [1.3707561596978535, 1.4284443399874882, -2.0068444860992667, 2.987970245106217], "COSMOS-88": [1.3270784590322664, 1.8720172064556073, -2.0062416664944207, 2.970464266961853], "COSMOS-392": [1.001808725345323, 1.3548869352142887, -1.998387499147872, 2.879329802229269], "COSMOS-694": [1.213676170782563, 1.5301242999844908, -1.999472166453091, 2.811953354742987], "AEGIS-aegis_217": [1.5677816975953558, 1.6253870089334672, -2.030163901553908, 2.8959719527325802], "CDFN-545": [1.2341311761931433, 2.698549320534362, -2.001101388093439, 2.8690835222321933], "COSMOS-412": [1.3420670694011614, 2.274792606411344, -1.9987263909446493, 2.8185462725882084], "CDFN-681": [0.9517326720738191, 1.2975729415841102, -1.999962647149924, 2.9941299031929383], "COSMOS-168": [1.2682167556918897, 1.8137591634349737, -2.0037251158581606, 2.7591930205374036], "COSMOS-172": [1.1973289637139093, 1.524380450867884, -2.0020524332833536, 2.9473386325879867], "CDFN-502": [1.2514170020827233, 1.9883798395436894, -2.0012078491912564, 3.046918954930214],