{"COSMOS-887": [1.1726158944642169, 1.6902684290183243, -2.000431062411667, 3.018227960631342], "CDFN-495": [1.0772128121306968, 1.0722436773607942, -1.9934431437428555, 2.987304121852752], "AEGIS-aegis_788": [1.2164747905528754, 2.122813198402183, -2.0010449094770024, 2.673261358494785], "COSMOS-523": [1.1599344069968982, 1.7663507066653032, -2.0002613932212068, 2.7162789608063873], "CDFS7Ms-482": [1.2659052263436368, 2.1214427019147184, -2.001096436930939, 3.0834923661351628], "CDFS7Ms-271": [1.5520199895791829, 1.4346728866040914, -2.052051601639911, 3.049068659772187], "CDFN-135": [1.1291701455281384, 1.3275527966112195, -1.9973421059497705, 2.979715836785726], "CDFN-464": [1.3110729649742268, 1.667140838580588, -2.0048538401878195, 2.931831575017981], "CDFN-559": [1.2244982566341092, 0.7372930939196591, -2.002211790604858, 2.999745528594344], "CDFN-643": [1.0809609620161575, 1.7513623686872175, -1.999223170615904, 3.0167983854726423], "CDFN-279": [1.279119210005129, 2.2804481462246784, -2.0027783444928215, 2.6456038135231643], "CDFN-586": [1.1945841034503841, 2.382398423703635, -2.0013563706443938, 3.0172604633692677], "COSMOS-137": [1.587524947820727, 1.4750474326536753, -2.050033779635553, 3.0198974468345248], "COSMOS-891": [1.120826568586636, 1.367342721233353, -1.9968682748534956, 2.9684431813531824], "COSMOS-510": [1.1084309601659135, 1.016080821150973, -2.000248835881947, 2.9970740036103667], "CDFN-75": [1.1184506077607386, 1.6425391321863254, -1.9939851874003949, 2.993062737618679], "CDFN-7": [1.0920345458004104, 1.4784074227240978, -2.000376910383921, 3.003818378815989], "AEGIS-aegis_851": [1.149011619675572, 1.7838115899128706, -1.9981866043634349, 3.013561613315913], "COSMOS-761": [1.3915169503300748, 2.7069045422070337, -2.006340327916869, 2.7667944950456294], "COSMOS-654": [1.0910053120510115, 1.6708291792963608, -1.9993888663795785, 3.023864138081473], "COSMOS-616": [1.287042223677837, 1.9682035382762495, -2.001035907420776, 3.0106340474778035], "AEGIS-aegis_014": [1.1257688057844204, 1.905045762088959, -1.9959336804913699, 2.9869573672991727], "COSMOS-283": [2.91317874070272, 0.9679804778971143, -2.2936308196253368, 3.2901974592323695], "AEGIS-aegis_652": [1.1850511243840094, 1.942456015468347, -2.00009264625501, 2.996345655870422], "CDFN-268": [1.2815846014763626, 1.4410874348247025, -2.0045925438452175, 2.9890570614376477], "COSMOS-21": [2.1730860010947426, 0.6785497945335915, -2.8397865379677985, 3.8189118410087195], "AEGIS-aegis_496": [1.1533820850801333, 2.0607378039116133, -1.996163712109424, 2.703109220228992], "COSMOS-343": [9.927698709624059, 3.44245610945634, -4.639269712110555, 5.666917146158959], "COSMOS-64": [1.4556910151409372, 1.842567730619983, -2.0112656929498756, 2.8792113692397363], "CDFS7Ms-267": [1.863434253197736, 2.5267810910423893, -2.0712559861545747, 3.037319842036803], "COSMOS-826": [1.2611554318726645, 1.634357349271938, -2.004398988221964, 3.009437843438683], "COSMOS-643": [1.1734228306091947, 1.9482211653809536, -2.0005585562023307, 2.9781333789858895], "COSMOS-189": [1.152672179899115, 1.4800479787117045, -1.9995032518866083, 2.9863295477925065], "CDFN-651": [1.217202159939939, 1.8025627111150557, -1.999296546083801, 2.983021769416417], "CDFN-349": [1.4079309922154568, 1.5431477274036336, -2.0099543157119912, 2.7399822894699444], "COSMOS-103": [1.2023179909865513, 1.8148592071689797, -2.000820932713702, 2.956469138453919], "AEGIS-aegis_261": [5.336229275273243, 3.0806711071808692, -3.082368801693354, 3.9861942446188956], "CDFN-516": [1.1818501211006065, 0.969936226127858, -2.00275935633039, 2.994685200069415], "COSMOS-238": [1.192895807035507, 1.6336380964020065, -1.9955813305588443, 2.956898415307754], "COSMOS-831": [1.1290732358591744, 0.9559985865404799, -2.0010957731706007, 2.9940635835129736], "COSMOS-190": [1.2816304127212073, 2.0203325439019273, -2.00171683970645, 3.0052492858058892], "CDFN-473": [1.1200941857015998, 1.543797347575556, -1.9964369979320107, 3.0047235764323705], "CDFS7Ms-128": [1.563122021487143, 1.9524945444631383, -2.035450755960555, 2.516224979896257], "COSMOS-428": [1.2611392019914467, 1.5815178485269774, -1.9982043106873206, 2.960846107335666], "AEGIS-aegis_337": [1.202839481980912, 0.9722398645755648, -2.0010842896859513, 2.9380407850565344], "COSMOS-240": [1.2511769266521509, 1.688468613870109, -2.0000260226927744, 3.000396598611978], "CDFN-366": [1.224033478361366, 0.830379085843723, -2.0061408151865354, 3.001792353443424], "COSMOS-202": [1.1865569358559243, 1.288014389075616, -1.9998449154211966, 2.993854260047434], "AEGIS-aegis_917": [1.1388804950208802, 1.5108637328052752, -1.9992743529873003, 3.006175174959508], "AEGIS-aegis_293": [1.247197210615103, 2.273686396946039, -2.003030739850293, 3.016062228815721], "CDFN-636": [42.955694766510035, 0.8233232451939819, -19.395181677344517, 20.39515154218027], "COSMOS-334": [1.2081872755347867, 1.4462732253096622, -2.002570228097898, 2.998877052108859], "AEGIS-aegis_780": [2.4089934449274217, 0.8618192287959403, -2.094748069097713, 3.093266836918728], "AEGIS-aegis_096": [1.2572125087809871, 1.5108855521596674, -1.9966842652103236, 2.9462383783184087], "COSMOS-451": [1.451365704521404, 2.322448732533594, -2.009772788027393, 2.8480513913999292], "COSMOS-766": [1.2606611395755556, 1.256614332213104, -2.0034390678415397, 3.0026908156242866], "AEGIS-aegis_026": [1.17316417455916, 2.26655783488404, -2.00068941276501, 2.6627957041761263], "CDFN-458": [2.0281634376784936, 1.3385858691777308, -2.02440045701646, 2.687247041114688], "CDFN-339": [1.1978991154290743, 0.6707542040456815, -2.00004746872078, 2.9999387335890186], "COSMOS-169": [1.3431510778329239, 1.3262616708955042, -2.006093605425373, 3.0026884537655354], "AEGIS-aegis_844": [1.0873647413539327, 1.2032664960523443, -1.9998062788955355, 2.9823825814591136], "COSMOS-739": [1.0997571867604006, 1.0934031920813858, -1.9980661149352867, 2.995753587313771], "COSMOS-345": [1.2416419669841545, 2.1358493461405317, -2.002063706005179, 3.000058458990468], "AEGIS-aegis_669": [1.2618016144154311, 1.6476183962714859, -2.0046686345065092, 2.6041336751692596], "AEGIS-aegis_611": [1.2033180461270312, 0.9590582299779524, -1.9990723199392801, 2.7608799747493684], "AEGIS-aegis_893": [1.156472542778739, 1.5342959172687012, -1.9994394286319472, 2.9823119644446816], "CDFS7Ms-146": [1.143287286210588, 1.478115212345713, -1.9979389352666403, 3.008725232208225], "COSMOS-116": [1.1081675019448134, 1.4774089426630395, -2.0001872275371086, 2.9272978645055137], "COSMOS-14": [1.113654364945333, 0.9638798608964918, -1.9954216973192085, 2.8931630038392186], "COSMOS-69": [1.5345634227541527, 0.9308126534143635, -2.028081407667594, 3.0227679399472187], "COSMOS-669": [1.1510922475872332, 1.2314525320072285, -1.9989502207953875, 2.9866387015336593], "CDFN-340": [1.4954730043188633, 0.7880465326963726, -2.0151665713748677, 3.013045681281014], "COSMOS-583": [1.2062798222286184, 1.550106817548952, -2.0008463203663776, 3.0104725520008175], "AEGIS-aegis_717": [1.2729631890209436, 2.8011233111134235, -2.0005734106784967, 2.0231003931977987], "AEGIS-aegis_035": [1.150271150514596, 1.6009064908868251, -1.9959172311227298, 2.9818688052356395], "AEGIS-aegis_887": [1.1514236979656807, 2.3354177455948504, -1.9989507709290608, 2.796746192020494], "AEGIS-aegis_599": [1.4023544070730891, 2.633917397961634, -2.0078826197340707, 2.9362102967661596], "AEGIS-aegis_183": [1.1958615275868631, 2.63970279523884, -1.9983999732970679, 2.850453078116586], "AEGIS-aegis_449": [1.1797887188211473, 1.7165585062563766, -1.9897934363613627, 2.75271314729427], "AEGIS-aegis_687": [8.152482254512623, 2.956049508286193, -4.131353489308589, 5.061404328881149], "CDFN-225": [1.229332887224943, 1.9790756072289881, -1.9993771678794492, 2.3133095575507294], "CDFN-231": [1.2873270271810429, 2.166532834645391, -1.9974978304084996, 2.856680748834954], "AEGIS-aegis_251": [1.30996028863663, 2.713573829447345, -2.0019613457645202, 2.608239761975767],