{"CDFN-60": [2.3516608341323346, 1.5293327468253302, -2.2753599400744493, 3.2797368440939936], "COSMOS-1616": [1.1941113847462117, 0.7708301064772768, -1.9956306792882699, 2.9945450674771283], "COSMOS-1515": [1.0531956623113634, 1.3592171068997243, -1.9969382035187073, 3.006513848106405], "AEGIS-aegis_032": [1.262538866461887, 2.1964519020529827, -2.0012606293847783, 3.033407893885059], "COSMOS-1512": [1.0743527572464662, 1.4613145939336543, -1.9940478963944865, 3.009878171274941], "AEGIS-aegis_245": [1.163570301670792, 0.9372082495158498, -1.9991504749524553, 2.99220180371452], "AEGIS-aegis_370": [0.9703649744826951, 0.9856111613947741, -1.9997350058224517, 2.995324526551821], "COSMOS-131": [1.1395361647155795, 1.8962046107153872, -1.9993120229915284, 2.6410038477229394], "CDFN-337": [1.0169407367826486, 1.169893994688654, -1.9964465796224435, 2.9973854810172122], "AEGIS-aegis_194": [1.0592976938491843, 1.6697991466002162, -1.999634805747744, 3.040186541910806], "AEGIS-aegis_059": [1.4157364067624265, 2.0409631199430853, -2.0145219012229902, 2.922993898996967], "COSMOS-1421": [1.1450502038249128, 1.586704203905133, -2.0009763711599584, 3.0236673932763214], "COSMOS-1639": [1.086317512356219, 1.575701823776709, -1.9991364352965064, 3.008775478562614], "CDFN-661": [1.1000039138403577, 1.3783984385836212, -1.9989866579548532, 2.997130258553905], "CDFS7Ms-017": [2.140887848181912, 2.419173501007107, -2.124334553339616, 2.947235322226983], "CDFN-211": [1.1832885442302425, 0.9498427679762529, -2.00164495320677, 2.9995804704472775], "AEGIS-aegis_741": [1.2347077231656653, 0.966572084715871, -2.0007221982608323, 2.999685302203265], "CDFS7Ms-428": [7232.766327306057, 2.634172700986989, -2824.956342773241, 2825.9526054455205], "COSMOS-1489": [1.3007022255180343, 0.7099344332430089, -2.0101755167896656, 3.00908349931004], "COSMOS-1517": [1.1884127933082334, 1.3042497208648853, -1.9988004024602235, 3.0012024514455375], "COSMOS-1435": [1.2749247206058318, 1.440129779389893, -1.9986632676540312, 3.004049989088082], "COSMOS-1642": [1.020387817656363, 1.1543831256545074, -1.998888564951492, 2.9884050395839648], "COSMOS-655": [0.9819932379036449, 1.2123777819895136, -1.9959363063693065, 2.9979921679279986], "COSMOS-1647": [1.0245022856464328, 1.0587791226034362, -1.9952996787645776, 2.9951497806655087], "AEGIS-aegis_659": [1.5795216325430435, 0.610176039871731, -2.3999015148206806, 3.399796584844851], "COSMOS-1503": [1.1943336668889193, 0.9539172903670841, -1.9954269962015683, 2.9944632967543394], "AEGIS-aegis_027": [0.9857141614627565, 0.5294996316478024, -1.996007108243074, 2.996015885357522], "COSMOS-1449": [1.1744382001464653, 1.1123375157684203, -2.001440549025292, 3.0003019703329965], "AEGIS-aegis_750": [1.3062164585429046, 0.7378367141990114, -1.9979551467649879, 2.9974983362493477], "COSMOS-1442": [0.989819324498471, 1.1442297068748393, -1.9980913561236553, 2.9969248626598386], "CDFN-160": [1.2147348214205989, 3.065027981370375, -2.0008556564867495, 3.252988257238429], "CDFS7Ms-176": [1.4180690922764034, 2.347375268105585, -2.0114178304985293, 2.4765500625947423], "CDFS7Ms-469": [1.2787004929112125, 2.1673012645015355, -2.0024718467737994, 3.0791905845964123], "COSMOS-1454": [1.2120318747118044, 0.9729020099252526, -2.004896341848373, 3.0021526091540114], "CDFS7Ms-092": [1.5588099212008306, 1.3448519517184392, -2.0030022577905493, 2.765842404050198], "CDFN-483": [1.2600899681835713, 1.1534107858382483, -2.007073793010014, 3.000349872720286], "AEGIS-aegis_573": [1.166863667132287, 0.9719871983652533, -2.0009212177192492, 3.000633808834344], "AEGIS-aegis_730": [1.5838066059072013, 0.7426937771414794, -2.324606614992486, 3.324084805218104], "CDFS7Ms-213": [1.9168492754396826, 2.0080563707778953, -2.0829875275078686, 2.892295756843355], "CDFN-634": [1.1238278278790401, 1.0883926075898875, -1.999517003543422, 2.999213821789848], "AEGIS-aegis_712": [1.1128848962756002, 0.9884181820560627, -1.9967937573553969, 2.9946965883094006], "CDFS7Ms-026": [1.4208208387744967, 2.7240302965585745, -2.0008187198465324, 2.574771071838643], "COSMOS-1590": [1.0787171293157882, 1.0260513543314929, -1.998745270382754, 2.9986865008565005], "AEGIS-aegis_562": [0.983325406231243, 1.1500477209583775, -1.9994552292040837, 2.997820735232632], "AEGIS-aegis_873": [1.1714853953487339, 2.182758616286931, -1.9984830226896562, 3.053820019974543], "CDFN-395": [1.2790424715740671, 2.0920858316616373, -2.000128230926564, 2.7238316632447637], "AEGIS-aegis_139": [1.3739648565408773, 0.5912956489900395, -1.9967540287684296, 2.996084929258851], "AEGIS-aegis_283": [1.0790923065301805, 1.273387889709639, -1.9980907980856621, 2.9954800036182023], "CDFN-537": [41.21675174728554, 0.6704418811466932, -19.864996465519294, 20.86484135513891], "AEGIS-aegis_381": [1.1514781266923855, 0.5631040458721517, -1.995276285633758, 2.995054887551281], "CDFS7Ms-460": [1.0502896767335532, 0.6498548390782495, -1.9975035589207844, 2.993076711927876], "AEGIS-aegis_307": [0.9870961956765272, 0.5271408024369084, -2.0039219009020943, 3.003795387172872], "CDFN-306": [1.0927608977039749, 1.478045725795091, -1.9980457945516936, 2.996671551146374], "AEGIS-aegis_504": [1.2226499294332718, 0.9952881080097077, -2.0047884878924465, 3.004327430333828], "AEGIS-aegis_163": [1.2799355999207869, 0.710395411397545, -2.014317270864045, 3.0137216317023396], "AEGIS-aegis_685": [1.0759979471978074, 1.1939669428181463, -1.999150268363196, 2.995978233130808], "CDFN-303": [1.1180114794037803, 0.417376202617234, -2.4076415580331614, 3.407375212148403], "AEGIS-aegis_724": [1.0142438504317273, 1.4075671144074815, -1.9999069888380074, 3.0104353058265794], "AEGIS-aegis_475": [1.1009613549314392, 0.7310721945954389, -1.9993442822028942, 2.9962848853304713], "COSMOS-659": [1.1358913851707664, 0.9116929809916894, -2.001015434509818, 2.997835480631114], "COSMOS-1643": [1.037326137335227, 0.9506481699292889, -1.9931519278106813, 2.993050003868116], "COSMOS-1433": [1.1539423691982356, 0.8308047113489436, -1.9951386466991625, 2.993389420172388], "AEGIS-aegis_104": [1.1437059477728841, 1.0527217155066344, -1.9991256486720954, 2.998568257011594], "CDFS7Ms-404": [1.1473303637433592, 1.9348565816163754, -2.0002310004902153, 3.0130234873641664], "AEGIS-aegis_117": [0.96843070784676, 1.5345658042487647, -1.9961022958502626, 3.0455943926880447], "AEGIS-aegis_550": [1.0903064026858273, 0.9574994589777692, -2.0004335772627346, 2.9963476295751583], "COSMOS-1542": [1.1964565515451964, 1.632797349878806, -1.9928192389743584, 3.000604211017561], "AEGIS-aegis_221": [1.1490232282003126, 1.8936724578377442, -1.9996183172622621, 3.068739112210208], "COSMOS-1415": [1.0653931247730333, 0.6586864824335157, -1.9986159584536716, 2.9970531471709974], "CDFN-532": [1.1850126930698404, 1.998182307373742, -1.9998991133184392, 3.048717617697919], "AEGIS-aegis_152": [1.2204735238074593, 0.9151516957767705, -1.9969307019861189, 2.9967216948883966], "CDFS7Ms-465": [1.1596375263039511, 1.3943025895466896, -1.998039126571339, 2.9969149145715104], "AEGIS-aegis_099": [1.0362689585159983, 1.2511036071988908, -1.998371874872337, 2.9957849740727154], "COSMOS-726": [1.8076525162871897, 2.4781143062249082, -2.0582990237843095, 3.0451029055298022], "CDFS7Ms-434": [1.2924437031308227, 1.813651935905129, -2.008338572781495, 2.913941131228336], "COSMOS-1487": [1.086134904407587, 1.3367276497340752, -1.998050000246451, 2.9981141187546196], "AEGIS-aegis_597": [0.9953619349542742, 1.0070602067240073, -1.998971564043734, 2.9974360729178295], "CDFS7Ms-427": [1.4225235523113273, 2.998058800661879, -2.006375540027536, 2.561162014170619], "AEGIS-aegis_123": [1.1493461543968815, 0.8721120675300998, -2.0011055269080957, 3.000748775989313], "CDFN-655": [1.0754315541248987, 1.3627260108871129, -2.000053519487512, 2.997061492270417], "AEGIS-aegis_770": [0.9707054247510811, 1.2838632019764926, -1.9999189031966107, 3.0035218504799017],