{"COSMOS-755": [1.1562283680553906, 1.4575155546574896, -1.9980237324538352, 2.980254720421427], "COSMOS-1560": [1.106272289591267, 1.0155565177783, -1.9992569465589376, 2.996778286856963], "CDFN-493": [1.2782388470461494, 2.227812771159199, -2.002165081108871, 2.5438141351073846], "COSMOS-765": [1.2246858273370362, 1.3673963638051392, -2.000374591988048, 3.007206104475011], "COSMOS-1612": [0.970489920188853, 1.235978837174771, -1.9961699721862625, 2.981557168278224], "COSMOS-1588": [1.121437701179248, 1.2877898584648038, -1.9939382205984977, 2.9954854781673], "COSMOS-538": [1.147653882465119, 1.7154674285700637, -1.9989221816000202, 3.009895460806985], "AEGIS-aegis_790": [1.3481842517666447, 1.9892325484758626, -2.0040238521686917, 2.9503553016876465], "AEGIS-aegis_057": [1.0388612148069685, 0.40477415100839154, -2.2768867361277976, 3.2759007423674005], "CDFN-375": [1.104874424083647, 0.409647749131793, -1.999446777835713, 2.9989572053454703], "CDFN-44": [1.1397446056243752, 1.908871986401972, -1.9991731710674192, 3.056938189588811], "AEGIS-aegis_258": [1.347484982710899, 2.290876941672245, -1.9995523693444368, 3.068034118615471], "CDFS7Ms-228": [1.1948628479672, 2.126990960053349, -2.0005176367057547, 2.5427151883438768], "CDFN-158": [3.061616397103557, 1.3129168328000644, -2.640456585371356, 3.640391324814667], "COSMOS-1405": [1.2915938947673704, 1.2265179445550274, -2.0031198600010027, 3.0043103564660867], "AEGIS-aegis_540": [108.02095675324719, 0.8437667626850562, -34.59784456927074, 35.59778540273054], "AEGIS-aegis_813": [1.051807180298312, 0.8831196151254515, -1.9999061878079512, 2.9989510379745186], "CDFS7Ms-145": [1.297505456890939, 1.1871287840013967, -2.0012903214949214, 2.617672142083416], "AEGIS-aegis_754": [1.316984353674253, 0.8708744597425032, -2.0032567694201426, 3.001652530672898], "CDFS7Ms-570": [1.2399090133011483, 1.7904661609150656, -1.9996199734344562, 3.0323017843307896], "CDFS7Ms-116": [15.880668813080884, 1.7787589853161796, -3.6894774900176133, 4.698747348254991], "CDFN-386": [1.116502040459057, 2.318061127397089, -1.9998303746258557, 2.6957732619433106], "CDFN-490": [1.0985559684091457, 1.7584108851357352, -1.9997104751521733, 3.0009663544282628], "COSMOS-602": [1.1339907784047103, 1.5414793744014927, -2.0004031875446113, 2.985670582668167], "AEGIS-aegis_752": [1.3164375112535036, 0.9744700958816022, -2.020675922109997, 3.018998160435208], "AEGIS-aegis_681": [1.311088561237525, 1.9265403978874605, -2.005215257622655, 3.032324789496909], "COSMOS-222": [1.1953355079024464, 1.7682888819433213, -1.997436932304027, 3.0152114791134164], "AEGIS-aegis_020": [1.2636940323667814, 0.6593567809553791, -1.9933018377205638, 2.9924697033945065], "AEGIS-aegis_467": [19215898.214701094, 1.2978558736988868, -8365279.387819635, 8365280.387740033], "AEGIS-aegis_090": [1.0963395542300047, 1.3023177010819191, -1.9974611064277443, 2.9893622873772308], "CDFN-169": [1.1163575674530528, 0.6587228580101647, -1.9996580759726759, 2.996288450438932], "COSMOS-416": [1.154428110865178, 1.356665247541561, -1.9997719514031047, 3.0008203902710258], "COSMOS-1471": [1.199270687957045, 1.0678982489298101, -2.001291522470574, 2.9965270903133083], "COSMOS-1562": [1.0630898411324612, 0.9194868861633367, -1.9976829939407197, 2.997310611634303], "AEGIS-aegis_574": [1.1622023190921849, 2.1805231557609863, -1.999814640563629, 3.0381197035702083], "COSMOS-1565": [1.0784623807326807, 1.0179814352489724, -1.9983376728118583, 2.985933757780141], "COSMOS-211": [1.1509552362316917, 1.1755201743324113, -1.999125223833005, 2.9923694525124103], "AEGIS-aegis_698": [1.0712731633586512, 1.2849184941079037, -1.9991568897901169, 2.9981040413090208], "CDFN-560": [1.2076290172572832, 2.7417071995197837, -1.998076825286672, 2.937525796368245], "CDFN-378": [1.2291766345672959, 1.7069158477681943, -2.000895170450419, 3.0307109110578194], "CDFN-89": [1.206560933689608, 1.7588377381263398, -1.9985403047106882, 3.0249969670661887], "CDFN-277": [1.1486348258025239, 1.8463277306029564, -1.9977596702160767, 3.017788688078826], "AEGIS-aegis_579": [1.1063338020668505, 1.2235390801643717, -2.0002700539720255, 2.9927873818979065], "COSMOS-751": [1.0866626224426232, 1.435668115367445, -1.9955730881315037, 3.0010732630504164], "COSMOS-546": [1.2057121346290063, 2.0039220069343733, -2.0014252482971067, 2.9662602871479056], "AEGIS-aegis_839": [1.2015366719151412, 1.3755563607684738, -1.9998710011653724, 2.941909282586333], "CDFN-481": [1.1377599927374704, 1.4824455162090073, -1.9998889525751702, 3.0029999241466396], "COSMOS-864": [1.2264009190114096, 1.388983362976993, -2.0019916252419927, 3.002781466366759], "CDFN-567": [1.0922032099528107, 1.1054380394280372, -1.9994128658503136, 2.9955687605773647], "COSMOS-1577": [1.1616356517745792, 1.1778420415312976, -1.998985904561919, 2.9982668273189805], "COSMOS-1649": [1.2940787402707017, 0.4599767176265547, -2.4062774501201085, 3.40606523240377], "AEGIS-aegis_188": [1.169946726316063, 1.327264314363819, -1.9963334008140339, 2.9968073952123033], "COSMOS-1443": [0.9861893598174278, 1.0443981081357685, -1.99762438809902, 3.0010619305650224], "COSMOS-445": [1.1212041486101065, 1.046976087697673, -1.9982034318541142, 2.993189300457701], "CDFN-491": [1.0056558465282688, 1.2952267479350468, -1.999546036039437, 3.0061514140668546], "CDFN-153": [1.1668891290398975, 0.8172492502189719, -1.999357813467402, 2.9987798618791595], "AEGIS-aegis_100": [1.2917738147611755, 0.4332887901158967, -2.42639114637607, 3.426095834434403], "COSMOS-719": [1.291638149543913, 2.3379446352847313, -2.002156040467729, 3.0599108295707333], "CDFN-415": [1.2088626748085634, 1.730100130503738, -1.99757633134117, 2.826796196415385], "CDFS7Ms-302": [6524401.798876264, 6.649325409107107, -1341491.3985012178, 1341492.521577968], "COSMOS-896": [1.0721128599343324, 1.35165498546744, -1.9981899586768814, 2.995755577255902], "AEGIS-aegis_704": [1.2040088544076573, 0.6925473739393487, -2.0038351575825066, 2.9994897698832808], "COSMOS-474": [1.1877328311735356, 1.258707447441617, -2.000139061914771, 2.99668273188671], "COSMOS-81": [1.3448709689938805, 2.9904568238111704, -2.0040241905033893, 3.0193063302890444], "COSMOS-807": [1.1653792347703789, 1.0354745547249844, -1.9967249642638443, 2.9915014005471736], "COSMOS-898": [1.1306909559929226, 1.0154687163233769, -1.9986052946263744, 2.9963003434748936], "AEGIS-aegis_607": [1.0230088294824173, 0.6200032327906729, -1.9951020329900144, 2.9935061463359247], "AEGIS-aegis_525": [1.1411784464757528, 1.7026256099357369, -2.0002750477349567, 3.021217557159904], "COSMOS-1520": [1.0512583917972749, 1.0422620035693597, -1.9990251673138437, 2.994933798679795], "COSMOS-1453": [1.1082182884348328, 1.2522763236926133, -1.997289124763892, 2.99349750605386], "COSMOS-803": [1.1427488758547, 0.9660723111833582, -2.002017231861791, 2.9982253106223746], "COSMOS-819": [1.0732826272001224, 0.7593159013896085, -2.0156650642997445, 3.0153708387449782], "AEGIS-aegis_164": [1.278648095296003, 2.2238833851354545, -2.004215437904357, 3.014904508522777], "AEGIS-aegis_575": [1.2742978583222282, 2.293817995116523, -1.9978951570704726, 2.5448318428637355], "CDFS7Ms-189": [3.010891148562944, 2.212069151124661, -2.415967384155709, 3.085480733303495], "CDFN-570": [1.194987425710979, 2.340271657013834, -1.9990849557209318, 2.9623523710043447], "CDFN-270": [1.1869150310662926, 1.161099595345296, -1.9995254999627112, 3.0005331239379363], "COSMOS-160": [1.0572233559626194, 1.0192574119698854, -1.9954880223768403, 2.9953865843892364], "COSMOS-1444": [1.0747606558099614, 1.2224075485067707, -1.9985401962828737, 2.995472753143069], "COSMOS-1603": [1.0701516935189157, 1.1058651394671148, -1.9986434240068074, 2.9892512068716726], "COSMOS-796": [1.0155478577702253, 0.509039838648057, -1.9997942658172034, 2.9997688628642205], "AEGIS-aegis_359": [1.3068619015347158, 1.3424129209447937, -2.0010025418698847, 3.0081691596881237],