{"CDFN-205": [1.1354565897197308, 1.3315162361666153, -1.999714682381051, 3.0067298094555124], "COSMOS-1525": [1.113527678218836, 1.169271066245287, -1.9994774913489173, 2.9966924259409637], "CDFN-102": [104208377.20588051, 1.4493864119639266, -41761041.18207242, 41761042.1838172], "CDFS7Ms-468": [38.67142758897579, 3.859069246025396, -6.074429699586782, 7.193241385607051], "CDFN-505": [1.199501134383945, 0.9304467285942111, -1.988796964510017, 2.9815124934053854], "CDFN-171": [1.1417105655478137, 0.9733814958646898, -1.9994077192283464, 2.9950789390851775], "CDFN-105": [1.1716787852139816, 0.8866409977783347, -1.9993095429335743, 2.998671766197777], "AEGIS-aegis_358": [1.1626350301398514, 1.1706796134122806, -2.0002483203727164, 2.9988363820692134], "AEGIS-aegis_729": [1.0156978278658764, 0.9685592711842518, -1.9994686101724226, 2.9984825932633807], "CDFN-287": [1.2853260861652234, 0.6608468299887054, -2.078627010798931, 3.0785130396597102], "CDFN-251": [1.1648238642067097, 2.205976124296594, -1.999397017772547, 2.691795076684918], "AEGIS-aegis_718": [1.1358931913000196, 1.7966009443229454, -1.9959519384189188, 3.0498681734556126], "CDFS7Ms-412": [0.9776352594297046, 1.170033293432306, -1.9974173701453135, 2.9978685558926417], "AEGIS-aegis_784": [1.112178194121709, 1.2911720454915292, -1.999113764099838, 2.9996487754859684], "CDFN-614": [1.3121079313309028, 0.5162655689183259, -2.322124430892919, 3.3219394598889145], "CDFS7Ms-048": [1.6230662478414941, 2.5288635397650676, -2.0280397851621674, 2.956227131173627], "CDFN-233": [1.1052030011356186, 1.135868842779234, -1.9941562897645535, 2.979730631358584], "AEGIS-aegis_761": [1.0630904916397352, 1.0836768994493267, -1.9985860250573726, 2.991240788848601], "AEGIS-aegis_276": [0.998641357693995, 1.0477469222578464, -1.9990513973946455, 2.999052139516328], "CDFS7Ms-287": [1.6380760781759636, 2.6695675152554945, -2.0207521928998293, 2.7323621311374273], "AEGIS-aegis_269": [1.2128644375428492, 0.75700999811061, -2.002707031403151, 2.998988966101183], "CDFS7Ms-475": [1.9097107690647601, 1.2485254715789966, -2.138441345890464, 3.1362015057212815], "AEGIS-aegis_331": [1.1342697877766603, 1.0573301208579688, -1.9981401666659808, 2.996843221045072], "AEGIS-aegis_625": [0.974507284663962, 1.3448204364690857, -1.9985014637136767, 3.001185797568149], "AEGIS-aegis_400": [1.1430859722061752, 0.9525563035582532, -1.997269205992673, 2.995826567790704], "CDFN-140": [1.0832848101965848, 1.1498035031938743, -1.9967117267042673, 2.9972078969760245], "COSMOS-1432": [1.1771705051934527, 0.5637369151384307, -2.0180912584181945, 3.017375750185556], "COSMOS-1650": [1.0804742271794607, 1.0463146834452453, -1.9948460867343967, 2.9950527800945306], "AEGIS-aegis_732": [1.1111361716188575, 1.0141584503870023, -1.995208507667633, 2.987123177501115], "AEGIS-aegis_734": [1.3509100985016849, 0.9744959099346724, -2.0341448435237073, 3.0323558909936166], "AEGIS-aegis_853": [1.0866804035081887, 0.94066794262698, -1.9922047517765127, 2.9897385697346017], "CDFN-497": [1.588511885972848, 0.8892283120034444, -1.9907927017547586, 2.9905338967878867], "CDFS7Ms-447": [1.396347693362122, 1.5079824894686111, -2.0110828558722096, 2.9338163494563565], "CDFN-393": [1.6777477237360792, 1.6793942826850965, -2.0760811010389384, 2.889486179787835], "AEGIS-aegis_442": [1.1743215877740192, 1.0723952157015575, -1.9922395224857699, 2.990963428072628], "CDFS7Ms-433": [1.3127672642167185, 2.716251947523229, -2.002253938382469, 2.9127295555969566], "COSMOS-1397": [0.9874774791661243, 1.0444484930330777, -1.9997457752471446, 2.9959758796146536], "AEGIS-aegis_201": [0.998452379208778, 1.282872114392328, -1.9963283158052947, 3.0017499718855474], "COSMOS-1609": [0.9886797735842077, 1.0006253979913975, -1.996775805950165, 2.9919079031688014], "COSMOS-1451": [1.241361131156581, 1.546414230443121, -2.0011651901873817, 3.0159350025429434], "COSMOS-1494": [1.2384390080055372, 0.9243911855602234, -2.000428787848458, 2.999900708736196], "CDFN-631": [1.3014413139524068, 0.8923888075501131, -1.9997689990268777, 2.999451963521301], "CDFN-338": [2.901290065761952, 1.0065948227920405, -2.237878246657936, 3.23657595063717], "CDFN-166": [0.9959058930243883, 1.240853600561715, -1.9957147493648835, 2.9982664559480856], "CDFN-142": [1.1735524440009635, 1.2202210814969623, -1.992704460592762, 2.990109475291786], "CDFN-201": [0.9297283171822361, 1.1326630666962383, -1.999257179909314, 2.9963681032194467], "CDFS7Ms-373": [1.2628772929873355, 2.7921442583854548, -2.0026978664109025, 3.014050543795303], "COSMOS-1532": [1.113074028826674, 1.0418001685480769, -1.9998687405376931, 2.9954304121714346], "AEGIS-aegis_423": [1.2025034927643363, 1.8819582984025662, -2.000521197376619, 3.0155031116472513], "COSMOS-1511": [1.1055559697657864, 1.0929103665977544, -1.9986721054412742, 2.9976946967549396], "CDFS7Ms-420": [0.9868659165713777, 1.416783478781995, -1.9962820812455715, 2.9855702792616174], "CDFN-411": [2850510.0536533874, 4.22641479777214, -821535.8640175688, 821536.7642754947], "CDFN-123": [1.25514046487287, 0.772178891706023, -2.000453059466085, 2.9938228316630795], "AEGIS-aegis_380": [1.1055420037207022, 1.376596562409238, -1.9967455986779086, 2.9956523913365958], "AEGIS-aegis_384": [0.9711926226914929, 1.1294845921726755, -1.9999763150854073, 2.99377427379373], "CDFS7Ms-424": [87143483.8724473, 1.1286701253470306, -41343327.14021273, 41343328.14016121], "AEGIS-aegis_490": [0.9204173490477227, 1.005063651897489, -1.998094886579678, 2.9910854309292674], "AEGIS-aegis_513": [1.1440867516699482, 0.6531560976471786, -1.996557399114053, 2.9953036643244904], "AEGIS-aegis_215": [1.2268793840867152, 0.9882954966641317, -2.001666617690843, 3.000668103985631], "COSMOS-1410": [1.3183104871626188, 0.9081557053940399, -2.008453304980291, 3.007872149770388], "AEGIS-aegis_284": [1.0266865687708975, 1.4216524237318828, -1.9983841585452005, 3.0095675663816377], "CDFN-209": [1.2536353863453704, 1.9180401431002994, -2.002542335131958, 2.986225777819911], "AEGIS-aegis_309": [1.1369776649375196, 1.0295346941490993, -1.99585596582408, 2.9957425197766883], "AEGIS-aegis_922": [1.0842975686523513, 1.7609716033098082, -1.999565412374494, 3.0383231719744876], "COSMOS-1507": [1.077182511780707, 1.3010759410865502, -1.9996499185629242, 3.0041558825371215]}