{"AEGIS-aegis_656": [1.1442617618973483, 1.5938177242111133, -1.9995136970413987, 3.0150936530230075], "CDFN-598": [1.2407616810353057, 1.4551670914819155, -1.9989160364356442, 3.0084111394097666], "COSMOS-593": [1.3155483299575421, 0.9023727029778115, -2.0091413910077174, 3.0088865398789637], "AEGIS-aegis_332": [1.0572892114625483, 0.9813896927318404, -1.9972062121427867, 2.995833176333403], "COSMOS-1472": [1.2229555949876607, 1.9140800584658018, -1.998858940222977, 2.960065701050347], "AEGIS-aegis_187": [1.1050909593755391, 0.8299502515406127, -1.9935713900179644, 2.9912439069135317], "COSMOS-1465": [1.1332601616679665, 1.0448086576944178, -1.9996540458066605, 2.99472453674412], "CDFN-73": [1.219924168461274, 2.275651088081509, -1.9998891520898194, 3.037836935556685], "AEGIS-aegis_464": [1.4319568323800935, 0.5033908216346882, -2.4029151741683803, 3.4022712978171428], "AEGIS-aegis_777": [1.1864090182699871, 0.8788988267137672, -2.0021679397991363, 3.0014595181658064], "CDFS7Ms-155": [1.350769935500905, 1.4627460204564542, -2.0113738427133616, 2.7152957540361067], "CDFN-28": [0.9830256210613326, 1.1151266975127447, -1.995537853223825, 2.9945907496762674], "COSMOS-660": [1.1635562039287042, 2.0707334077697968, -1.9986105964385734, 3.0186771394808325], "AEGIS-aegis_692": [1.1586117968284935, 1.8156804807396891, -2.000615302209438, 3.0342738641889793], "CDFN-353": [1.1660248891991827, 1.8338850658200698, -1.9998313976858417, 3.028401922930808], "AEGIS-aegis_498": [1.1288437736005634, 1.464722252102602, -2.0005750943477794, 3.0070800704318605], "AEGIS-aegis_316": [1.2563109140322428, 0.9186220140547602, -2.0037931697392892, 3.002711838671803], "CDFN-149": [1.1310201237296529, 1.2723984004819267, -1.99522775359136, 2.991761155486947], "AEGIS-aegis_236": [1.231912295946405, 2.5430980026052303, -2.001706076051098, 2.661056504178654], "COSMOS-612": [2.329241664976861, 0.6593883576567512, -2.2048011161138747, 3.2044153988076483], "CDFS7Ms-180": [1.450403309370064, 1.9115613460557246, -2.0182840713054224, 2.7869613432492306], "COSMOS-1464": [1.089106804735486, 1.172855677803803, -1.998329626826268, 2.999012625827987], "CDFN-368": [36.91900743176777, 0.9622831830334448, -19.08404464475261, 20.083984145354986], "AEGIS-aegis_757": [1.2194404029623056, 2.1880155729510458, -1.9969349157817833, 3.0329120803920118], "COSMOS-1526": [1.0736529599381897, 0.9664632536953671, -1.9928613320186193, 2.9926122395235617], "COSMOS-1629": [1.0597221222074458, 1.0034286353873552, -1.9996761632389677, 2.99814992245227], "COSMOS-1635": [1.1591023457138676, 0.3811807377704657, -2.4434832141794898, 3.443387218625123], "CDFN-530": [1.0274508514154774, 1.0295575942424744, -1.999451864872151, 2.998811568790296], "CDFS7Ms-112": [1.530130791316639, 1.403206390603728, -2.0083304502840758, 3.014410294584974], "COSMOS-916": [1.1667486564684744, 0.547830977656078, -2.004554587726366, 3.0045326341362224], "COSMOS-8": [1.3124345198673173, 1.31592193701632, -2.0105648475229003, 3.0115282763940563], "CDFN-346": [1.1832658760190577, 0.7741679138371624, -2.0045755363716866, 3.0040012456399237], "CDFN-373": [1.034831594692007, 1.2023123428543148, -1.9992336419818293, 2.9998599571986433], "COSMOS-900": [1.1591149779511696, 0.8780625900672716, -1.9870059041542092, 2.986759134260577], "CDFN-35": [1.172563630937066, 0.8609240728772207, -2.0004121380155526, 2.9998188015331415], "AEGIS-aegis_039": [1.1211626530745251, 0.7611179127638905, -1.9938901084581873, 2.993276360124934], "CDFN-38": [1.014185528943361, 1.1380068852129788, -1.9993537254479055, 3.00105230434208], "AEGIS-aegis_758": [1.22798632284437, 2.075086574354978, -2.000818929926768, 2.9024402114303545], "AEGIS-aegis_322": [1.1496911406126629, 2.7564141853967508, -1.9981991818012643, 2.979407205919859], "CDFS7Ms-276": [1.3535833545996934, 2.0725192872763003, -2.004075525721583, 2.2047935951204236], "COSMOS-1476": [30.338371804007977, 0.7885333571212456, -16.617092659103996, 17.616600574673203], "CDFN-668": [1.1070926135492272, 1.5618309164948614, -1.9996527521113818, 3.0201548387390327], "CDFS7Ms-306": [1.8617815706291279, 2.1186441454200633, -2.082124390558084, 3.0749847592849204], "COSMOS-1450": [1.4704572325499297, 0.8460186791382023, -2.133389656241059, 3.1311584422087426], "COSMOS-1400": [1.045437635496705, 1.1242674475887213, -1.9993115926561633, 2.999564330723112], "CDFN-547": [1.244202153828212, 2.3730897945127407, -2.000787093470512, 2.5146953712585436], "COSMOS-1553": [1.0373033808329177, 1.1672751518960263, -1.9997079055393425, 2.994646751846676], "CDFS7Ms-466": [34.77791662706804, 0.9234958619921281, -21.000067041307968, 21.99993149941649], "AEGIS-aegis_274": [1.4757761491255041, 1.7404264078235938, -2.0236824061168512, 3.019335958323407], "CDFN-612": [1.0732484072556907, 1.2610589388439206, -1.9998638052335103, 3.0005490000000608], "COSMOS-1529": [1.0903544302690278, 1.5369718579641585, -1.9988874709875843, 3.0112615042692195], "AEGIS-aegis_673": [1.0908073861672594, 0.9797964656359672, -1.997906395214767, 2.996963750171747], "CDFS7Ms-124": [1.4168674138216422, 1.740165035742788, -2.005339523319973, 2.4146197894174874], "AEGIS-aegis_846": [1.120628617640686, 2.229695387407377, -1.9998006194811526, 3.009955454492395], "CDFN-80": [1.134609900872396, 2.515755597168196, -2.0001485952292333, 3.062982574160817], "CDFS7Ms-262": [1.3099869265162907, 2.6258104126423856, -2.002402689413926, 2.773106973274802], "CDFN-131": [1.0902094283533899, 2.0376139713544434, -1.9990980041288129, 3.0791477146824198], "COSMOS-1531": [1.0120193540684363, 1.072596845676904, -1.9997070364155305, 2.9988944920318747], "CDFS7Ms-400": [2.1668132518158774, 1.6109529532670963, -2.219014221918656, 3.223154397276463], "COSMOS-1411": [1.2631128694505172, 0.7800390605438963, -2.0747308488207317, 3.072696187145683], "AEGIS-aegis_042": [1.409582778623051, 1.0416479932579619, -2.0063441438478042, 3.0011806745497553], "CDFS7Ms-254": [1.1491414275148566, 2.0208600962762064, -1.9996297205629983, 2.906090760873273], "AEGIS-aegis_649": [1.1071352956083698, 1.4512461993914059, -1.9998670890044816, 3.0083181679575155], "CDFS7Ms-097": [1.287887417405641, 0.6505807644705532, -2.0133282367314185, 3.012429200900185], "CDFS7Ms-186": [10864684.041255683, 3.5305567969028857, -2569429.0140674273, 2569429.7177063236], "CDFN-222": [6.689618085212167, 0.7245879765320156, -3.283229099435175, 4.2831266981255744], "AEGIS-aegis_363": [1.0588843020591057, 1.5003761586033426, -1.9985639482814035, 3.0171855627741593], "COSMOS-615": [1.3184243109665066, 0.8161285539437666, -2.010857031959658, 3.010766616122458], "CDFS7Ms-066": [1.4888272861517016, 2.961440060846151, -2.0106463270912647, 2.390747582528052], "CDFN-159": [1.1616191178537925, 1.194013262823634, -2.000224692059934, 3.0004099433947116], "AEGIS-aegis_463": [1.1623349587211558, 0.8717947639816488, -2.0007925138989653, 3.00004481015113], "CDFN-680": [1.6754001097399152, 0.7064658677936171, -2.0306840085791062, 3.026036767846709], "CDFS7Ms-279": [1.5744435974070488, 2.1392700713837005, -2.024158137343797, 2.981366703561406], "COSMOS-1632": [1.2545114040389223, 0.786804669809695, -2.0065892570829322, 3.006438522422764], "CDFN-478": [1.2774099977780327, 1.3016915178788877, -2.004739723720624, 3.003242443909924], "COSMOS-1550": [0.9804049402196882, 1.0967237618620973, -1.997775332665728, 2.998124675739425], "COSMOS-812": [1.201964291841398, 0.9734543249481385, -2.000569421042018, 2.998969550035575], "COSMOS-813": [1.1659297756700089, 0.4668432129256499, -2.318572740006022, 3.318027241053489], "COSMOS-712": [1.12442630465195, 1.0103228334137104, -1.9964607321495624, 2.9948977168959603], "CDFS7Ms-132": [11483.287618495175, 501.4359355755216, -100.63456101233615, 105.16476789884119], "AEGIS-aegis_492": [1.3607803412433315, 2.351995138159184, -2.0075499760550928, 2.6403027653487694], "CDFN-667": [1.0642213585135027, 1.3575737261811027, -1.999903666125942, 3.0035271135039956],