{"AEGIS-aegis_656": [1.0952446081010825, 1.1851683402226252, -1.9987970297682338, 2.9974086455517006], "CDFN-598": [1.0610819322321978, 0.8229736364600091, -1.9994975750615538, 2.9982805168362536], "COSMOS-593": [1.0909413863406332, 1.2571930795203556, -1.9965271591685356, 2.9949725249750307], "AEGIS-aegis_332": [1.192853048173298, 0.7057086629202727, -2.001021256116362, 3.000851241568181], "COSMOS-1472": [1.168886761590095, 1.5143911589224859, -1.999216736784908, 3.0038716203880496], "AEGIS-aegis_187": [1.0735553377088036, 0.6246303436967331, -1.9988538266503093, 2.9960546242385306], "COSMOS-1465": [1.2143893669917265, 0.8936161098136743, -2.002723577673735, 3.0025429981562315], "CDFN-73": [1.0367143636016003, 1.566968318187425, -1.9995648111663376, 3.001121092207715], "AEGIS-aegis_464": [1.167375227739309, 0.9645325170518585, -2.000770040947572, 2.998497876709745], "AEGIS-aegis_777": [1.139028049519053, 0.9148200546042966, -2.0106876915291787, 3.0102029132235004], "CDFS7Ms-155": [1.3296805790967243, 1.9810072573158986, -2.0053945408951104, 2.9294453292663594], "CDFN-28": [1.100344885906345, 1.0827355905731415, -1.997836310110018, 2.991474615717567], "COSMOS-660": [1.1535124927233604, 1.6330455824313255, -2.0006113480030177, 3.0181904315124015], "AEGIS-aegis_692": [1.0932651132859186, 1.0963686692370547, -1.9989774643609117, 2.9929317620121547], "CDFN-353": [1.0560758994563402, 1.0128112364411026, -1.999023140943736, 2.996996313612809], "AEGIS-aegis_498": [1.0753393748430016, 1.218362158543402, -1.9989484422750299, 2.9969610211961806], "AEGIS-aegis_316": [1.1630287710770097, 0.9885693366105801, -1.999411639291075, 2.9986893188894603], "CDFN-149": [0.9945342543440235, 0.8805991264813858, -1.9985028998084569, 2.9975262702648457], "AEGIS-aegis_236": [1.0923621465268243, 1.5390936818865715, -1.9987005370941269, 2.9809573407690855], "COSMOS-612": [1.0419013528525762, 1.0509804386745936, -1.998005732655879, 2.9970379263100337], "CDFS7Ms-180": [1.2633679555694943, 0.780597065437989, -1.9985257581097706, 2.987226459193289], "COSMOS-1464": [1.1047360222398592, 0.976186988717081, -1.997262856840131, 2.9957900212119015], "CDFN-499": [1.0325150739646676, 1.062396432188866, -1.9984762380091743, 2.9964055976902877], "AEGIS-aegis_757": [1.0620102053434426, 1.3180625133151902, -1.996481137346436, 2.996241968329547], "COSMOS-1526": [1.0886750286522773, 0.9764677339350452, -1.9950022074930032, 2.9937072794004824], "COSMOS-1629": [1.1567566510199163, 0.7898409615913375, -2.000866876389169, 3.000023141948234], "COSMOS-1635": [1.0759496308224468, 1.012164332179872, -1.9988951833429605, 2.9981982659147044], "CDFN-530": [1.1066816343466526, 0.9698466354325685, -1.9991060372037115, 2.9979988954934007], "CDFS7Ms-112": [1.1482671885622704, 1.1165886007542065, -1.9973513434828811, 2.9966190075627237], "COSMOS-916": [1.0205081022892377, 1.0274139512278393, -1.9999207356583655, 2.9968992920888664], "COSMOS-8": [1.344377426026015, 1.080359173632659, -2.0149541411849494, 3.013825354209872], "CDFN-346": [1.043279021756999, 1.1693126258589968, -1.9975964376346673, 2.9973069984610987], "CDFN-373": [0.9507562160741643, 1.1267450002515997, -1.9988517924628761, 2.9960204340971606], "COSMOS-900": [1.0136708112422121, 1.220392236428016, -1.999524589927209, 2.9941358385762165], "CDFN-35": [1.0481638122190189, 1.0802117976279155, -1.994216635371622, 2.9905554433117727], "AEGIS-aegis_039": [1.068623353529778, 1.044961340637517, -1.9983805553432825, 2.9973964295030466], "CDFN-38": [1.0960646181748719, 0.975558603775077, -1.9944367794115636, 2.9919527704812268], "AEGIS-aegis_758": [1.2837970275363384, 2.3288463156347765, -2.0045981761668763, 2.97959721150359], "AEGIS-aegis_322": [1.054192203675172, 1.4712435326045885, -1.9999724053134005, 3.0096566706366463], "CDFS7Ms-276": [1.2401037466118354, 2.1336001026661036, -1.9972301184116137, 2.9499152147850243], "COSMOS-1476": [1.142793355241564, 1.0762026213938605, -1.9973790233805397, 2.9938576982615164], "CDFN-668": [1.03575087854691, 1.1259149759903846, -1.998625185593702, 2.998620139405442], "CDFS7Ms-306": [1.2023847104411822, 1.7293692571750316, -2.000887350825975, 3.0055468503869545], "COSMOS-1450": [1.2215098110153737, 0.9340134266869429, -1.9940204407038666, 2.993085382870733], "COSMOS-1400": [1.0387558881509729, 1.0386978237732254, -1.9993126817569005, 2.9984096489092753], "CDFN-547": [1.1959998259762985, 2.0647398426941987, -1.9995318931794706, 2.994643816298972], "COSMOS-1553": [1.144809822798023, 0.9250285067130306, -2.004126446858332, 3.0020753307449906], "CDFS7Ms-466": [1.0880220072852533, 1.6328518113546573, -1.9994309721045838, 3.009505925027918], "AEGIS-aegis_274": [1.1192333131102241, 0.9624910337046549, -2.0023490819907126, 2.9979980832375506], "CDFN-612": [1.1294180462608523, 0.9775736751967454, -1.9985392614161888, 2.9983628991045483], "COSMOS-1529": [1.1507236709483635, 1.027834925331467, -2.0013414423278717, 3.000073552626815], "AEGIS-aegis_673": [1.1798450131227503, 0.8980584393604643, -2.010517942922273, 3.0080216415346523], "CDFS7Ms-124": [1.2022108356602645, 1.5755100463063911, -2.000783147171498, 2.9157920987664627], "AEGIS-aegis_846": [1.1174844820238619, 0.8349298446802964, -1.9910513948808375, 2.9902814152310393], "CDFN-80": [1.1166674305237112, 1.0207030126288987, -1.9985530513441148, 2.996015528270129], "COSMOS-758": [1.1208542829527155, 1.0901604741730302, -1.9992056640275182, 2.9994561783768248], "CDFN-131": [1.07267553412724, 1.3742256546768146, -1.9978034186681428, 3.001382249407703], "COSMOS-615": [1.0666349195703473, 0.9623026137116908, -2.0003365170040026, 2.999074773293848], "CDFS7Ms-400": [1.019928769970008, 1.0484582560113647, -1.9960015077528315, 2.9888765417382865], "COSMOS-1411": [1.1356663308419424, 0.7780009462769486, -2.002059136774969, 3.0016643156079774], "AEGIS-aegis_042": [1.1338165432332006, 1.401507608118519, -1.9997362032847914, 3.009605154971852], "CDFS7Ms-254": [1.1205641277008667, 1.5067299192770456, -1.997370874769108, 3.001440079999862], "AEGIS-aegis_649": [38.50103835632958, 0.9670895029331785, -17.560223565157102, 18.55967650370497], "CDFS7Ms-097": [1.1138871601140115, 1.6047247210894362, -1.999829835009775, 3.0170662338680807], "CDFS7Ms-186": [0.8154213763949669, 0.5319506084350565, -1.9993092276403843, 3.0016727959475817], "CDFN-222": [1.084484177938135, 1.3833374412644857, -1.9994764657505764, 3.0111755628190995], "AEGIS-aegis_363": [1.0684437088221637, 1.3718731874524355, -1.9990365174814912, 3.01187958359089], "COSMOS-1531": [1.180666299820843, 0.8214283338099788, -2.0004665949718143, 2.9992050085099926], "CDFS7Ms-066": [0.9724723768812221, 0.9598036161612302, -1.9968286211871893, 2.9937282693028613], "CDFN-159": [1.0398426570487913, 1.2106158796095414, -1.9987893659930938, 2.9957020504436684], "AEGIS-aegis_463": [0.991826236955901, 1.035693460232234, -1.9984766305724637, 2.997508753151743], "CDFN-680": [1.1021257300611333, 1.6106071072588024, -1.997154127946279, 3.005257498743614], "CDFS7Ms-279": [1.2338619043397967, 1.9496988492951064, -2.0025227680665107, 3.006490588271436], "COSMOS-1632": [1.1831434386382154, 0.949150813643634, -2.011870158606233, 3.0101227801453274], "CDFN-478": [1.0147084617271356, 0.9988264463994626, -1.9993181716562576, 2.9988880223081984], "COSMOS-1550": [1.1264609274124937, 0.8131126368711896, -2.006700324343883, 3.0045816745071408], "COSMOS-812": [1.0061991601057225, 1.1859201588461512, -1.993311874985758, 2.9896206540187396], "COSMOS-813": [0.9982961751160228, 1.0612216880333691, -1.9995981067941475, 2.996429269574004], "COSMOS-712": [1.0404139679468614, 0.9375653799610986, -1.9959152289679967, 2.993790032287447], "CDFS7Ms-132": [1.1642691404669323, 1.6575951582903246, -1.998968416450485, 2.984342022200547], "AEGIS-aegis_492": [1.1305934658032324, 1.6992328702972739, -2.0008442065180936, 2.984764980036568], "CDFN-667": [1.1588039930223688, 0.439740755417675, -2.2656979310069243, 3.2653496231238877],