{"CDFN-60": [1.202192750220287, 1.049871009468232, -1.9954904727482652, 2.991574870232093], "AEGIS-aegis_610": [0.994387911449262, 1.057402856052015, -1.9981828536552941, 2.9932779306554105], "COSMOS-1515": [1.0268853513053728, 1.0981063475837152, -1.9968054887035762, 2.9911179686976626], "AEGIS-aegis_032": [1.0662328343283205, 1.390773502201508, -1.9991720074427979, 3.0052007986000233], "COSMOS-1512": [1.052216490899519, 0.935055124284893, -1.9991103702967978, 2.9963745662927317], "AEGIS-aegis_245": [1.1194418204740608, 1.1304111288752705, -1.998278042507069, 2.9880683988534376], "AEGIS-aegis_370": [0.9911516234757274, 1.059725351213751, -1.9998790183839938, 2.9988806667057633], "COSMOS-131": [1.0970691101298518, 1.6052128937104757, -1.9985352819022255, 2.9657304075873183], "CDFN-337": [1.0579908542805316, 0.7632384294695076, -2.0001204701283517, 2.999818496052604], "AEGIS-aegis_194": [1.046223258504134, 1.1769829006879569, -1.9992919817190002, 2.9974609485019803], "AEGIS-aegis_059": [1.1210758609365272, 1.5679718512019531, -1.9999298865331645, 2.9892608426560674], "COSMOS-1421": [0.98390838712041, 1.017221142786266, -1.999391423561345, 2.9993367680720464], "COSMOS-1639": [1.0086055348833547, 1.1378533037711835, -1.999304793280144, 2.9996875025611], "CDFN-532": [1.0710957080050274, 1.4024928327451032, -1.9989373473659553, 3.0027906926147505], "CDFS7Ms-017": [1.3784019809920975, 1.5409980469039848, -2.014154511034242, 2.9680115985596967], "CDFN-211": [1.0682077110339838, 1.1449426649505363, -1.9955739566215684, 2.9890412000295554], "AEGIS-aegis_741": [0.9839796315949909, 0.978570696861544, -1.9985197793223408, 2.997025674072849], "CDFS7Ms-428": [1.1642827634968638, 1.667072918481057, -1.9997496007737214, 2.9605629795366255], "COSMOS-1489": [1.1001894564162502, 1.103105724004902, -2.0002611468733305, 2.998854028796992], "COSMOS-1517": [0.9516277381803475, 1.074895040872026, -1.992392718791962, 2.98945234271842], "COSMOS-1435": [1.1499221198822394, 0.9018138265442878, -1.9984909699077527, 2.997170740534186], "COSMOS-1642": [1.127485668519413, 1.053883195448016, -1.9877604049880802, 2.98642788397849], "COSMOS-655": [1.0638908535407954, 1.0127443952896644, -1.9999019650811607, 2.999568423252162], "COSMOS-1647": [1.2371376599667738, 0.9996176004414248, -2.0028798749912013, 3.000877555642325], "AEGIS-aegis_659": [1.1163123698823951, 1.1432074725279902, -1.9982566141023013, 2.9969828188758223], "COSMOS-1503": [1.1185938415058427, 0.9535415272797176, -1.9929118073311458, 2.9924149070538233], "AEGIS-aegis_027": [1.0786363168008475, 1.2559799554691158, -1.999962087140095, 2.997234715844307], "COSMOS-1449": [1.1893376500326471, 1.2400059370652143, -1.9989014280931698, 2.9987920662591927], "AEGIS-aegis_750": [1.160383861517291, 1.0486885795712526, -1.98944413086048, 2.9889749585310463], "COSMOS-1442": [1.1050730310082404, 0.8183929698420824, -2.0011705802570265, 3.000639376617783], "CDFN-160": [1.018500167325148, 1.3997905326349493, -1.9998593898613377, 3.02171939105658], "CDFS7Ms-176": [1.5036690050626138, 0.6611908977522931, -2.000986557455425, 2.9847961065610056], "CDFS7Ms-469": [1.086275386730728, 0.5836220134953207, -1.9967363144201273, 2.996577440050967], "COSMOS-1454": [1.160773674668826, 0.9758841405070043, -2.0013577204922424, 2.996944744429551], "CDFS7Ms-092": [1.2143309175001098, 1.5892382251682027, -1.9985625678498806, 2.937792982245769], "CDFN-483": [1.1588447824161578, 1.8399141280000406, -1.9989977147206157, 3.0115368044167052], "AEGIS-aegis_573": [1.0649667960823561, 1.0774961874104718, -1.9926674991236997, 2.987168940285672], "AEGIS-aegis_730": [1.0608368080492796, 1.1168762885405552, -1.9995726426731868, 2.9985891653487418], "CDFS7Ms-213": [1.10094092305105, 1.463173209437183, -2.0005806241038524, 2.9959744604390095], "CDFN-634": [0.8636926031518506, 1.0917863026500567, -1.9982123877201783, 2.98749337713372], "AEGIS-aegis_712": [1.0204289446900723, 0.9036355278655045, -1.9991130640172812, 2.9976274778509], "CDFS7Ms-026": [1.3686866526417254, 2.148449768421827, -2.0046023507737685, 2.8903057769205205], "COSMOS-1590": [1.1795256081149104, 1.018370864577068, -1.9958238490648126, 2.9915266187410263], "AEGIS-aegis_562": [1.0631281374949468, 0.719236711351711, -1.999822850380153, 2.9993690175916607], "AEGIS-aegis_873": [1.1398786256333204, 1.9657668627087583, -1.9993466733218126, 3.0301548236916918], "AEGIS-aegis_883": [1.1076297471869028, 0.9052144909985154, -1.9960330277264484, 2.991464842603394], "AEGIS-aegis_139": [1.0878026003616923, 1.088069698742384, -1.9973964638608617, 2.996701929237262], "AEGIS-aegis_283": [1.0540747392642258, 1.1634313483719156, -1.9998598872474118, 2.9946487132618844], "CDFS7Ms-076": [1.270516002257731, 1.8834716453319462, -2.001422981883093, 3.0024856993020226], "CDFN-537": [1.0779253953758126, 0.4222350051608783, -1.9972153944174735, 2.9969316057865107], "CDFS7Ms-460": [1.112091739656309, 0.7650116355414238, -1.9984514017861303, 2.995404713309412], "AEGIS-aegis_307": [1.0537991746658029, 0.9909754942507187, -1.9999332859378427, 2.9997365182015496], "CDFN-306": [1.0613367229853448, 1.2665562402233244, -2.0000601248895125, 3.0002784472045025], "AEGIS-aegis_504": [0.9981723287129722, 1.0876743311720836, -1.9960580468177798, 2.997122171680981], "AEGIS-aegis_163": [1.017086181778564, 1.0126022011705254, -1.9975873517560403, 2.9956968182864183], "AEGIS-aegis_685": [1.0220590305078603, 1.359725636045055, -1.9930486218350962, 2.99365614809216], "CDFN-303": [1.2090765737849263, 1.0514501975190815, -2.001838511811842, 3.001613525309443], "AEGIS-aegis_724": [0.9946477943392467, 1.3518783399737808, -1.9988087901908984, 3.0002015656593146], "AEGIS-aegis_475": [1.254932091073877, 0.8986950696588775, -1.9896223757777438, 2.989034601044167], "COSMOS-659": [1.103769645653597, 0.7876556615721785, -2.011988068900538, 3.0111124888279095], "COSMOS-1643": [1.0178583337039477, 1.0298689114698978, -1.9998519810474606, 2.997464969986962], "COSMOS-1433": [1.053302047732076, 1.0654997388050653, -2.0001067679821753, 3.000139499168214], "AEGIS-aegis_104": [1.0664886250326227, 0.5094395538807153, -2.004452328169826, 3.0038760395716158], "CDFS7Ms-404": [6.938385898741325, 0.866699435750746, -2.6523045706472845, 3.6521571732625207], "AEGIS-aegis_117": [1.095263317843522, 1.61406141106891, -1.999955952495192, 3.051697512836887], "AEGIS-aegis_550": [1.1832425283338335, 0.7099358771586278, -1.99961479352468, 2.996436733362805], "COSMOS-1542": [1.1203175407341757, 0.9813650586120662, -1.997455072890969, 2.9969489244853347], "AEGIS-aegis_221": [0.9963311976039095, 1.0422739653143676, -1.9983234020584943, 2.9968687202925093], "COSMOS-1415": [1.1303866910305964, 0.9786047493452434, -1.9994859670270317, 2.9975934870566023], "CDFN-661": [1.1834914394670386, 1.1273624652071745, -1.9994036546787037, 2.9908185257882183], "AEGIS-aegis_731": [0.9768712778594533, 1.0053076013944475, -1.9972905146360753, 2.9969152743213847], "CDFS7Ms-465": [1.0834681069965897, 1.2055463455579363, -1.996407938244188, 2.991820395269343], "AEGIS-aegis_200": [0.9894036633742407, 1.020656100554976, -1.9984609756694751, 2.99830443372304], "CDFS7Ms-434": [1.23949777203527, 0.996467077695526, -2.002138413453182, 2.9997640766729923], "COSMOS-1487": [1.1077133986168404, 0.9270850618885269, -1.998720714996253, 2.9982459713338763], "AEGIS-aegis_597": [1.076962888327737, 0.9939827601366503, -1.9997584083574549, 2.9989802255956244], "CDFS7Ms-427": [0.8403608388815769, 0.6518602838483774, -1.9984807407067149, 2.9976242946838383], "AEGIS-aegis_123": [1.0289639905889008, 1.044388923226728, -1.9985359403269947, 2.994321427053241], "CDFN-655": [1.1504775657197366, 1.2168637674643845, -1.9975232276832964, 2.9987970631595475], "AEGIS-aegis_770": [1.0081021815572644, 1.1701227860428585, -1.997651877298035, 2.994363539070951], "CDFS7Ms-204": [1.0388357958806842, 1.2866724068037456, -1.9981391523508931, 3.0013985165148998],