{"COSMOS-755": [1.11804907138273, 1.1247409994654567, -2.0008856675953126, 3.000577578650755], "COSMOS-1560": [1.084176886345989, 0.8621314460612058, -1.9995336158786838, 2.9968522903015695], "CDFN-493": [1.290668953279754, 1.8773516097630853, -2.0055769315250207, 2.990902524470984], "COSMOS-765": [1.1586347732017037, 1.299893123596341, -1.9998439645788968, 3.0008011180989334], "CDFN-491": [1.0285723637364679, 1.0136164967642518, -1.999534327946118, 2.9958785553233427], "COSMOS-1588": [1.0979370209242423, 0.9140035537367835, -1.9943938049054963, 2.994336735435177], "COSMOS-538": [1.1268574707492434, 1.3874823506999983, -1.991044967651805, 2.9712764544394252], "COSMOS-1562": [1.3248064173624359, 0.9990904841861439, -2.014076045042591, 3.012791138662077], "AEGIS-aegis_057": [1.2589727698245552, 0.9652403870781738, -2.019336382948458, 3.0162023719762603], "CDFN-375": [1.2129518803741934, 0.7001196305388406, -1.997242524113688, 2.9947467414607254], "CDFN-44": [1.1015326417338573, 1.2006997341942653, -1.9989527166526169, 2.99969379709108], "AEGIS-aegis_258": [1.1443526017725099, 1.4647811379469928, -1.9967741682422886, 2.9904716185764073], "CDFS7Ms-228": [1.156109558909459, 1.1592030967417464, -2.0008827902683572, 2.9967840267972767], "CDFN-158": [1.1204699679817385, 0.7272134572673723, -1.99987885551334, 2.998836163642502], "COSMOS-1405": [1.0929371490185078, 0.9929669593423351, -1.9999443002030404, 2.9988091698533115], "AEGIS-aegis_540": [0.9968875700462545, 1.0359907213907609, -1.998207912362777, 2.997149739268625], "AEGIS-aegis_813": [1.1565595064416128, 0.9647661134995416, -2.000187352087434, 2.9984143141003345], "CDFS7Ms-145": [1.2529490756844486, 1.4515739232448492, -2.0006362652008365, 2.9746224576723588], "AEGIS-aegis_754": [1.147858323783736, 1.1122391922972998, -1.999869928867125, 2.9972794180618267], "CDFS7Ms-570": [1.0152886323356523, 0.9560878576749294, -1.9973512619490121, 2.996451810362464], "CDFS7Ms-116": [1.0949255642195406, 1.205801581328265, -1.9978750024431975, 2.996180078994903], "CDFN-386": [1.1327220352909233, 2.0740356637578525, -1.9996901742653284, 3.0504828303810716], "CDFN-490": [1.1046331376984715, 1.3808242349079594, -1.999993806532106, 3.0044857086675614], "COSMOS-602": [1.121928081460706, 0.9386944969638229, -1.9967850848464241, 2.994025019497454], "AEGIS-aegis_752": [1.0527457151117803, 1.093480729465998, -1.998589749296805, 2.990360136771822], "AEGIS-aegis_681": [1.1361352385816001, 1.1724103121606624, -1.999255159100234, 2.999620586777523], "COSMOS-222": [1.2096629217770807, 1.7999179760356023, -2.000862876705656, 2.9974737159453815], "AEGIS-aegis_020": [1.0700711204431184, 0.974120285228971, -2.000138858854823, 2.9999484778622305], "AEGIS-aegis_467": [1.0851315356852238, 1.4526388288688492, -1.9951591518375456, 2.970831347071767], "AEGIS-aegis_090": [2.017499760954836, 0.8437597528286939, -2.332602240562008, 3.330534827594631], "CDFN-169": [1.1157086307305188, 1.1511479489330245, -1.999185396792334, 2.9944944934942175], "COSMOS-416": [1.0413011829611643, 0.5576459379059766, -1.9904014962238246, 2.990047444633859], "COSMOS-1471": [1.058691330193029, 0.6792619741651083, -1.9976321286406598, 2.997572225972661], "AEGIS-aegis_574": [1.187120550428381, 1.509337860526741, -1.9959407906429096, 3.0019413239951644], "COSMOS-1565": [1.1276207742560458, 0.9596946072242605, -1.9992285060650588, 2.992097393370824], "COSMOS-1520": [1.071371422678201, 1.0377576595895182, -1.995075673611133, 2.994822514954471], "AEGIS-aegis_698": [1.0145220478946488, 1.1748982341324203, -1.9998898343147324, 2.9957331210873743], "CDFN-560": [1.1580175310023268, 1.2881138497050824, -1.997095078030779, 2.999546740959539], "AEGIS-aegis_790": [1.1181169960709332, 1.5355907342908899, -2.000532954336067, 3.010317514839095], "CDFN-89": [1.1104611759495935, 0.8427965182410374, -1.9946233876662949, 2.9944640391376662], "CDFN-277": [1.0740878144657402, 1.1569654673274006, -1.9954923832511637, 2.988889903710434], "AEGIS-aegis_579": [1.228254455745562, 0.8000401286802006, -1.9952453259775589, 2.993496253249051], "COSMOS-751": [1.1086971308917108, 1.467973043395559, -1.9831000714114946, 2.993725723856161], "COSMOS-546": [1.0484951041191126, 1.5380890588227611, -1.9988361175909026, 3.011474772893737], "AEGIS-aegis_233": [1.054084673394699, 1.5010189425031186, -1.9996224302617338, 3.0144852687201773], "AEGIS-aegis_052": [1.2472366198830698, 1.5296085730954356, -1.9984036220395343, 3.000473352777549], "COSMOS-864": [1.1277472702035622, 0.981646388458294, -1.9985085910632265, 2.9967981476520658], "CDFN-567": [0.9766065502793074, 1.032262063284963, -1.9950660404781515, 2.990420064865731], "COSMOS-1577": [1.2504910614389244, 0.944252784046173, -2.004443755376852, 3.004325466029295], "COSMOS-1649": [1.033380544392105, 0.9890626876144277, -1.9980618665800773, 2.995032312543457], "CDFS7Ms-009": [1.2127871392049663, 1.969187616283458, -1.9998642704027578, 2.611633887094548], "COSMOS-1443": [1.111852801202485, 0.7236070628355002, -2.000381977701796, 2.999710553148405], "COSMOS-445": [1.1899820408648907, 1.0144740859281427, -2.0006758166045158, 2.998435559392192], "COSMOS-1612": [1.1596259469878287, 0.9687826978159717, -2.0002138351701513, 3.0000110069096184], "CDFN-153": [1.1790713000916517, 0.9304856832166015, -2.0016622246644733, 3.0001270248426124], "AEGIS-aegis_100": [1.151495452754084, 1.0791570716337806, -1.9962507802883225, 2.9960621425799814], "COSMOS-719": [1.223924937729568, 1.610709595614022, -1.999881683267222, 3.027673120591208], "CDFN-415": [1.1154566802145567, 0.9614918608461509, -2.003217803042982, 2.9983683481769496], "CDFS7Ms-302": [1.0072954297419625, 1.0150078137772875, -1.9974862032748986, 2.9926262359595315], "COSMOS-896": [1.125441739841618, 0.9599443935346117, -1.996475236627759, 2.995265468390672], "AEGIS-aegis_704": [1.1827359132220332, 0.98568408126012, -1.9990599800176114, 2.996543769200121], "COSMOS-474": [1.0452315877912877, 1.0800096003582689, -1.9985762663258997, 2.9988457292175674], "COSMOS-211": [1.2358276552719434, 0.9144267452828871, -2.0015917017008054, 3.001396812747328], "COSMOS-454": [1.2547788305829994, 0.9886018208933016, -2.008839407129848, 3.007996988670744], "COSMOS-807": [1.11881911565487, 0.9853835756870879, -2.00148668071323, 3.000889473028285], "COSMOS-898": [1.1203496551581476, 0.920308812098447, -1.9975684462746692, 2.9969002177539674], "AEGIS-aegis_607": [1.1027218586209437, 0.6942283567931683, -1.995169829808802, 2.9860774172196005], "AEGIS-aegis_164": [1.0892562676673538, 1.172960713954056, -1.9953654576993416, 2.9907714282601714], "AEGIS-aegis_525": [0.9781938645016226, 1.2029512437302885, -1.9991408365466834, 2.9965631043398497], "COSMOS-1453": [1.1418800938277078, 0.9977803524288176, -1.9991467868136235, 2.9974769729752437], "COSMOS-803": [1.1145827961020929, 1.0993616248216072, -2.0004295784963313, 2.999235306282145], "COSMOS-819": [38.596068765342224, 0.6512664059239694, -24.39527028998392, 25.395068233518472], "COSMOS-81": [1.1085893111732115, 1.1367480565436092, -1.9984760277601863, 2.990532601759642], "CDFS7Ms-189": [1.2103631429417192, 1.9814064345620306, -2.0005318481647896, 3.00044536696086], "CDFN-570": [1.125323790891865, 1.3982425624105819, -2.000140031108721, 3.003880649083686], "CDFN-270": [1.1104091226629749, 0.7704026495070566, -1.9967099437588014, 2.989094606306555], "COSMOS-160": [1.046898460029078, 0.8057943534632914, -1.9984831113492398, 2.995817955150436], "COSMOS-1444": [1.1372279909589884, 0.9144462162158696, -2.001934523301439, 2.9989439645115272], "COSMOS-1603": [1.0280961740668084, 0.7621041985780848, -1.9966945644950251, 2.9945220085478472], "COSMOS-796": [1.1617538347501255, 1.1396623499824663, -1.999724205968345, 2.9995639018838505], "AEGIS-aegis_359": [1.4093087640877218, 0.9469048044276231, -2.011460963040034, 3.0101296321560738], "AEGIS-aegis_034": [1.0861074949147471, 0.9856325053997603, -1.998075915112469, 2.9938220627703065],