{"COSMOS-887": [1.1034043954384911, 1.447466298965079, -1.9933649114023895, 3.00210282943131], "AEGIS-aegis_687": [1.1451490084472935, 1.5368858754934727, -1.998293988128383, 2.9794398529833312], "AEGIS-aegis_788": [1.1780000714374461, 1.5448231331707234, -2.000510884581891, 2.9943654798943165], "COSMOS-523": [1.1067702468319833, 1.662760477957986, -1.9991402736793389, 2.978794390714473], "CDFS7Ms-482": [0.9937696582542221, 0.6271386759624271, -1.9972720370889996, 2.9960597096446344], "CDFS7Ms-271": [1.1662104591004465, 1.374645032568251, -2.0006394241102043, 2.967547782665343], "CDFN-135": [1.0464941911627932, 1.2480170507842019, -1.9991088959423253, 2.9975512788513172], "CDFN-231": [1.1036476714325114, 1.5153818813223419, -1.9908714775763037, 2.996323246370446], "CDFN-559": [1.2187083524225897, 0.8536553298276918, -1.9953610847615644, 2.9931516768497968], "CDFN-643": [1.1968536871078306, 1.3579090814699895, -1.9997773611270244, 2.9994208905562836], "CDFN-279": [1.2835064197519193, 2.56515754025379, -2.004029683217759, 2.874930314525434], "CDFN-586": [1.051356825167604, 1.090631660740841, -1.992544098062297, 2.9905803702639426], "COSMOS-137": [1.1413296816615897, 1.2953389235852162, -2.000234650527333, 3.0016294964937362], "COSMOS-669": [1.015033320767093, 1.14912037931435, -1.9946773583852617, 2.9836759610269916], "COSMOS-891": [1.132443669471788, 1.5577492960827435, -2.0003431618795284, 3.023780510355855], "COSMOS-510": [1.1084102966580254, 0.9988733932418028, -1.9939598822866378, 2.993200013609492], "CDFN-7": [1.1165784189113177, 1.3461481391113734, -1.9954199976179343, 2.998324883991243], "CDFN-366": [1.2703548665320783, 0.7254225397744773, -2.03327466770632, 3.030719214127311], "AEGIS-aegis_851": [1.1167736508165809, 1.3905261746605118, -1.9985579327130385, 2.9629653483159535], "COSMOS-654": [1.124073995621822, 1.2873248324901754, -1.9979552251258146, 2.9986546408850754], "COSMOS-616": [1.0640875916282833, 1.1114754707141952, -1.9921465955522497, 2.9743474965580976], "CDFS7Ms-146": [1.1309249666970138, 1.3118875176961222, -1.9992594130240506, 3.000368131243431], "COSMOS-283": [1.0026993912657767, 1.283786918419052, -1.9989688435232558, 2.9939125905022257], "AEGIS-aegis_652": [1.168412192852529, 1.0875314022637073, -1.9947787819899103, 2.992625451408237], "CDFN-268": [1.0828398749631925, 0.6348555349692779, -2.0009889556622857, 2.998201719049193], "AEGIS-aegis_496": [1.1704297273111393, 1.7399715555679793, -1.9998077837877943, 2.9699129824767487], "COSMOS-64": [1.1077347888613382, 1.0851443118544917, -1.991826290342967, 2.9893376465280053], "CDFS7Ms-267": [1.0664740742298298, 1.039844094094382, -1.9942548634940407, 2.989138303304057], "COSMOS-239": [1.071503734551651, 1.0588404478788978, -1.9927986463738119, 2.9918736784026834], "COSMOS-826": [1.0987936940306664, 1.0556993733543725, -1.9997193536046765, 2.995948089621077], "COSMOS-643": [1.1110478783735376, 1.4836060531223638, -1.9989289958317507, 2.9679617891646783], "COSMOS-189": [1.0082281628638077, 1.1704507862254543, -1.9997602439632987, 2.9981917437935945], "CDFN-464": [1.007510375645697, 1.2661244340156532, -1.9849388278027351, 2.9785774913668326], "CDFN-349": [1.148419149303428, 1.6443620157721373, -1.9998241642539698, 3.0043065538288083], "COSMOS-103": [1.0953320735897605, 1.1999193218616528, -1.999250286771912, 2.9850363354391396], "AEGIS-aegis_261": [1.2122371435522572, 1.1669554164285132, -1.9968448553531175, 2.984590392631564], "CDFN-516": [1.190268386380085, 0.7938847046847484, -1.9994558292110864, 2.998491934734633], "COSMOS-238": [1.1537184736135428, 1.5449359543429044, -1.999081669732434, 3.0099635130088007], "COSMOS-831": [0.9359873785639354, 0.8879380476774483, -1.997866094854643, 2.995712996271422], "COSMOS-190": [1.1706868713951872, 1.5294587217658964, -1.9973744563745566, 2.989121579684652], "CDFN-473": [1.0217438294830827, 1.391324216691384, -1.9996583860480022, 3.006543945634669], "COSMOS-21": [1.156727731461885, 1.4978958181138637, -2.000352617364465, 2.983336924155741], "COSMOS-428": [1.0762457134995607, 1.477982604414522, -1.9992864382341868, 2.9924262761277234], "AEGIS-aegis_337": [1.181717539022827, 1.6306194446030933, -1.999089709089288, 2.986685944785219], "COSMOS-240": [1.2458789050409371, 1.0008298593237153, -2.0021385989468596, 3.0011858680721826], "CDFN-651": [1.1362012094670222, 1.195820925476837, -1.999119687824656, 3.00027583580197], "COSMOS-202": [1.1629876688710494, 1.1808928153511764, -2.0007768011368174, 2.9986264039150523], "AEGIS-aegis_917": [1.0274215203702621, 0.9123381185864299, -1.9959342946526908, 2.9947573170136077], "AEGIS-aegis_293": [1.2171971930998748, 1.5996083339125955, -2.0010980291717417, 2.9987363973379684], "CDFN-636": [1.13089651159745, 0.9506959010043536, -1.999241065056452, 2.9933322127892024], "COSMOS-334": [1.153230422331256, 1.188654479197956, -1.9987210091115775, 2.9964285179990116], "AEGIS-aegis_780": [1.1231639734050252, 1.5197244125973897, -1.9998206431941652, 3.011367969159657], "AEGIS-aegis_096": [1.003951739971888, 1.0155320436787498, -1.9971900226152755, 2.996894459045804], "AEGIS-aegis_014": [1.0313705024063053, 1.2276544690623399, -1.9988240706421396, 3.000530818152379], "COSMOS-766": [1.0221557632063005, 1.2594522751593578, -1.9976515775231103, 2.971100459769208], "AEGIS-aegis_026": [1.2457775097877644, 2.03071866941247, -2.0009993231811296, 2.7616344730521623], "CDFN-458": [1.2218364077409718, 1.532726059226438, -2.0025847802114347, 2.9603997675901947], "AEGIS-aegis_887": [1.0730922261909164, 1.239821543852904, -1.9988893361023385, 2.9927704490252554], "COSMOS-169": [1.0512473218180514, 1.0583708336848194, -1.9978000393656314, 2.991172841447808], "AEGIS-aegis_844": [1.100747234471473, 1.1030001170709058, -2.0001135543163433, 2.9940803182649334], "COSMOS-739": [1.1163562484477016, 1.0463628054770275, -2.000169782482851, 2.9988928901120397], "COSMOS-345": [1.080193848176585, 1.3624263712720759, -1.9981494474349875, 3.0008691063369324], "AEGIS-aegis_669": [7.252854610182962, 1.033554322940918, 0.04905522584793137, 0.9508960623459283], "AEGIS-aegis_611": [1.196030933976666, 1.3875492998737893, -1.9996609211180683, 2.9083365718353056], "AEGIS-aegis_893": [1.1005949620687667, 1.0887695826129737, -1.997569217746747, 2.9912003330561587], "COSMOS-253": [1.2029446414150224, 1.8408136021961023, -1.9983584621686135, 2.995694299814126], "COSMOS-116": [1.1790970707968946, 1.4332347401170586, -1.9992927434617793, 2.993940627294767], "COSMOS-14": [1.2753142832318254, 1.8651040082789732, -1.9981321114934052, 2.947372894929334], "COSMOS-69": [1.0883512410854341, 1.0308450161757725, -1.9963459172238962, 2.9809217194803495], "COSMOS-343": [1.1656175227327492, 1.6256644880042765, -2.0003677059313816, 2.989325158630529], "CDFN-340": [1.0090609479493389, 1.1233286988945548, -1.9986392859997237, 2.9986845578383843], "COSMOS-583": [0.9798182146988028, 1.0559213338560476, -1.9934261389447905, 2.9927616464459836], "CDFS7Ms-185": [0.9401172794205723, 1.0271490342326173, -1.999834977616988, 2.9892962957646283], "AEGIS-aegis_035": [1.1808395210524139, 1.385361864400128, -2.0012665559123244, 3.0003766060752577], "CDFN-339": [1.0774168116816387, 1.1115277067189206, -1.992964413583624, 2.9930437641574295], "CDFN-75": [1.1626757190916344, 1.3715954104023091, -2.0021777867761266, 3.0044224021009907], "AEGIS-aegis_599": [1.1600514434346059, 1.2533079499116502, -2.000124414231287, 2.993411349557091], "AEGIS-aegis_183": [1.0102863910520363, 1.1823543509363916, -1.999602281797647, 2.998043527112289], "COSMOS-233": [1.0654037274809314, 1.328377103103156, -1.999945534190016, 2.998619503899249], "CDFN-495": [1.073285648146163, 1.0464174748747614, -1.9969488037987473, 2.9905069403155458], "CDFN-225": [1.1241986972054745, 1.6554462075996077, -1.9976014317146333, 2.716770988073397], "AEGIS-aegis_251": [1.2093195828624612, 1.1272635650609442, -2.0043485287264775, 3.003597784673211],