{"CDFN-594": [6.57623761033678, 5.186184639803458, -3.0192358685614273, 4.082490663767421], "COSMOS-1650": [1.0804742271794607, 1.0463146834452453, -1.9948460867343967, 2.9950527800945306], "AEGIS-aegis_442": [1.1743215877740192, 1.0723952157015575, -1.9922395224857699, 2.990963428072628], "COSMOS-1525": [1.113527678218836, 1.169271066245287, -1.9994774913489173, 2.9966924259409637], "CDFN-14": [1.1201997487188837, 2.3235070439773597, -1.9992305648657906, 3.1176804628365185], "CDFN-201": [0.9297283171822361, 1.1326630666962383, -1.999257179909314, 2.9963681032194467], "AEGIS-aegis_269": [1.2128644375428492, 0.75700999811061, -2.002707031403151, 2.998988966101183], "CDFS7Ms-029": [1.1840808035400352, 2.8554470290807616, -1.999431894734848, 2.0765924716766895], "CDFS7Ms-433": [1.3127672642167185, 2.716251947523229, -2.002253938382469, 2.9127295555969566], "AEGIS-aegis_380": [1.1055420037207022, 1.376596562409238, -1.9967455986779086, 2.9956523913365958], "CDFS7Ms-373": [1.2628772929873355, 2.7921442583854548, -2.0026978664109025, 3.014050543795303], "COSMOS-1397": [0.9874774791661243, 1.0444484930330777, -1.9997457752471446, 2.9959758796146536], "CDFS7Ms-287": [1.6380760781759636, 2.6695675152554945, -2.0207521928998293, 2.7323621311374273], "COSMOS-1507": [1.077182511780707, 1.3010759410865502, -1.9996499185629242, 3.0041558825371215], "CDFN-140": [1.0832848101965848, 1.1498035031938743, -1.9967117267042673, 2.9972078969760245], "AEGIS-aegis_384": [0.9711926226914929, 1.1294845921726755, -1.9999763150854073, 2.99377427379373], "CDFN-233": [1.1052030011356186, 1.135868842779234, -1.9941562897645535, 2.979730631358584], "COSMOS-1493": [1.1001399226453394, 1.14293562592867, -1.9980183090865378, 2.9963676166464728], "AEGIS-aegis_853": [1.0866804035081887, 0.94066794262698, -1.9922047517765127, 2.9897385697346017], "AEGIS-aegis_201": [0.998452379208778, 1.282872114392328, -1.9963283158052947, 3.0017499718855474], "CDFS7Ms-048": [1.6230662478414941, 2.5288635397650676, -2.0280397851621674, 2.956227131173627], "CDFS7Ms-412": [0.9776352594297046, 1.170033293432306, -1.9974173701453135, 2.9978685558926417], "CDFN-631": [1.3014413139524068, 0.8923888075501131, -1.9997689990268777, 2.999451963521301], "CDFS7Ms-468": [38.67142758897579, 3.859069246025396, -6.074429699586782, 7.193241385607051], "AEGIS-aegis_922": [1.0842975686523513, 1.7609716033098082, -1.999565412374494, 3.0383231719744876], "CDFS7Ms-447": [1.396347693362122, 1.5079824894686111, -2.0110828558722096, 2.9338163494563565], "AEGIS-aegis_513": [1.1440867516699482, 0.6531560976471786, -1.996557399114053, 2.9953036643244904], "CDFN-497": [1.588511885972848, 0.8892283120034444, -1.9907927017547586, 2.9905338967878867], "CDFN-500": [1.2093822798366936, 2.8620751648829232, -2.0008257859609198, 2.4017226998041834], "CDFS7Ms-008": [1.36977692229945, 2.2515580862902658, -2.0085784135466547, 2.696057696642462], "CDFN-209": [1.2536353863453704, 1.9180401431002994, -2.002542335131958, 2.986225777819911], "AEGIS-aegis_490": [0.9204173490477227, 1.005063651897489, -1.998094886579678, 2.9910854309292674], "CDFN-505": [1.199501134383945, 0.9304467285942111, -1.988796964510017, 2.9815124934053854], "CDFN-251": [1.1648238642067097, 2.205976124296594, -1.999397017772547, 2.691795076684918], "CDFN-123": [1.25514046487287, 0.772178891706023, -2.000453059466085, 2.9938228316630795], "COSMOS-1592": [1.0838299112831935, 1.2337016225821584, -2.0002785821185345, 3.0039963893610704], "COSMOS-1432": [1.1771705051934527, 0.5637369151384307, -2.0180912584181945, 3.017375750185556], "CDFS7Ms-414": [1.438010695372953, 1.244696493207336, -2.0211573727117913, 3.0151398002048686], "AEGIS-aegis_729": [1.0156978278658764, 0.9685592711842518, -1.9994686101724226, 2.9984825932633807], "AEGIS-aegis_331": [1.1342697877766603, 1.0573301208579688, -1.9981401666659808, 2.996843221045072], "AEGIS-aegis_625": [0.974507284663962, 1.3448204364690857, -1.9985014637136767, 3.001185797568149], "COSMOS-1499": [1.1247693081587593, 1.0584998968406485, -1.9942867486223224, 2.994155339231096], "AEGIS-aegis_309": [1.1369776649375196, 1.0295346941490993, -1.99585596582408, 2.9957425197766883], "AEGIS-aegis_358": [1.1626350301398514, 1.1706796134122806, -2.0002483203727164, 2.9988363820692134], "CDFS7Ms-420": [0.9868659165713777, 1.416783478781995, -1.9962820812455715, 2.9855702792616174], "AEGIS-aegis_276": [0.998641357693995, 1.0477469222578464, -1.9990513973946455, 2.999052139516328], "AEGIS-aegis_284": [1.0266865687708975, 1.4216524237318828, -1.9983841585452005, 3.0095675663816377], "AEGIS-aegis_423": [1.2025034927643363, 1.8819582984025662, -2.000521197376619, 3.0155031116472513], "CDFN-338": [2.901290065761952, 1.0065948227920405, -2.237878246657936, 3.23657595063717], "COSMOS-1410": [1.3183104871626188, 0.9081557053940399, -2.008453304980291, 3.007872149770388], "COSMOS-1609": [0.9886797735842077, 1.0006253979913975, -1.996775805950165, 2.9919079031688014], "AEGIS-aegis_367": [1.089115540475822, 1.117148966027318, -1.9988493071899869, 2.998927348076725], "CDFN-142": [1.1735524440009635, 1.2202210814969623, -1.992704460592762, 2.990109475291786], "CDFN-171": [1.1417105655478137, 0.9733814958646898, -1.9994077192283464, 2.9950789390851775], "CDFN-331": [1.1707468714905866, 1.2251490566503067, -2.0033499569162623, 3.004071626365505], "COSMOS-1413": [1.0223696703104737, 1.2792520499723734, -1.9999974002984842, 3.0052411996151838], "CDFS7Ms-475": [1.9097107690647601, 1.2485254715789966, -2.138441345890464, 3.1362015057212815], "AEGIS-aegis_848": [1.080326492478128, 1.7679804131749748, -1.9981227863642257, 3.055888109179809], "COSMOS-1409": [1.1885986130649515, 2.2068622988697646, -1.9990111911925137, 2.998396136304698], "CDFN-196": [1.348944562059867, 4.584653258313081, -2.0022443990137475, 3.149121148362687], "COSMOS-1511": [1.1055559697657864, 1.0929103665977544, -1.9986721054412742, 2.9976946967549396], "CDFN-102": [104208377.20588051, 1.4493864119639266, -41761041.18207242, 41761042.1838172], "AEGIS-aegis_400": [1.1430859722061752, 0.9525563035582532, -1.997269205992673, 2.995826567790704], "AEGIS-aegis_732": [1.1111361716188575, 1.0141584503870023, -1.995208507667633, 2.987123177501115], "CDFN-411": [2850510.0536533874, 4.22641479777214, -821535.8640175688, 821536.7642754947], "CDFN-205": [1.1354565897197308, 1.3315162361666153, -1.999714682381051, 3.0067298094555124], "COSMOS-1451": [1.241361131156581, 1.546414230443121, -2.0011651901873817, 3.0159350025429434], "CDFS7Ms-424": [87143483.8724473, 1.1286701253470306, -41343327.14021273, 41343328.14016121], "CDFS7Ms-089": [7.255029881497304, 3.0743724093318727, -3.607158568431045, 4.62731970854188], "AEGIS-aegis_784": [1.112178194121709, 1.2911720454915292, -1.999113764099838, 2.9996487754859684], "AEGIS-aegis_215": [1.2268793840867152, 0.9882954966641317, -2.001666617690843, 3.000668103985631], "COSMOS-1581": [1.023086294026026, 1.5389731544943643, -1.9990405611326625, 3.058989308210812], "AEGIS-aegis_734": [1.3509100985016849, 0.9744959099346724, -2.0341448435237073, 3.0323558909936166], "COSMOS-1532": [1.113074028826674, 1.0418001685480769, -1.9998687405376931, 2.9954304121714346], "CDFN-358": [1.3281874164840157, 3.7249360671677803, -2.002278794394666, 2.9031264561705017], "AEGIS-aegis_761": [1.0630904916397352, 1.0836768994493267, -1.9985860250573726, 2.991240788848601], "CDFN-166": [0.9959058930243883, 1.240853600561715, -1.9957147493648835, 2.9982664559480856], "COSMOS-1498": [1.0948973707608487, 1.6831902496686209, -1.9999859729460268, 3.020926428992172], "COSMOS-1494": [1.2384390080055372, 0.9243911855602234, -2.000428787848458, 2.999900708736196], "CDFN-614": [1.3121079313309028, 0.5162655689183259, -2.322124430892919, 3.3219394598889145], "AEGIS-aegis_203": [1.2255543907646904, 2.1227005358771684, -1.9993354622537183, 3.135182529948966], "COSMOS-1513": [1.0740905161020633, 1.2720106625304868, -1.9995847358812873, 2.996100518664909],