{"CDFN-594": [1.2898242841840233, 0.9361902002935594, -2.0004862221246076, 2.999746731378063], "COSMOS-1650": [1.0629574247320397, 0.9979324105179156, -1.9997016488391117, 2.999444211857143], "AEGIS-aegis_442": [1.232538797622015, 0.8646248045204741, -2.000503067772041, 2.999766523028078], "COSMOS-1525": [1.1099994558446231, 1.1065701346118466, -2.0001377070305555, 2.9931907133613826], "CDFN-14": [0.984359691965863, 1.3265287855908607, -1.9992791252611497, 3.001560357785258], "CDFN-201": [0.9389523538266478, 1.062694881069984, -1.99799998898716, 2.9979488203232485], "AEGIS-aegis_269": [1.0959662074280438, 1.1101928019523375, -1.998378816828911, 2.9958736778643984], "CDFS7Ms-029": [0.752313291136463, 1.006537235474665, -1.9996940902417553, 2.9894086711755725], "CDFS7Ms-433": [1.0510243653041753, 1.3477600323248722, -1.9980153005943175, 2.9967031067480026], "AEGIS-aegis_380": [1.1002193453305398, 0.9116727619871888, -1.9944946656883236, 2.9908458968533553], "CDFS7Ms-373": [1.1190812256253233, 1.6808768179503248, -1.9990522377130828, 3.0102068116037506], "COSMOS-1397": [1.0868531941213408, 1.0256764627445318, -1.999482249764429, 2.996251204298808], "CDFS7Ms-287": [0.981857377857771, 0.6626890156388001, -1.9926784669547555, 2.9926562277681206], "COSMOS-1507": [1.0899707133622059, 1.177350688352748, -1.999497928974097, 2.996312064103699], "CDFN-140": [1.061663077124144, 0.9595443883499031, -1.9977758732251458, 2.993571726562747], "AEGIS-aegis_384": [1.0276006818322103, 1.086496681830272, -1.9978562970717255, 2.9948396498014147], "CDFN-233": [1.0340183985185991, 0.9725917303067408, -1.9990027916426714, 2.997883084578662], "COSMOS-1493": [1.1507212373608564, 1.2246811701592495, -1.998450010432888, 2.9980934054093935], "AEGIS-aegis_853": [1.124570367783808, 0.732270479571905, -2.026059822429845, 3.0242344585569687], "AEGIS-aegis_201": [1.0735077682905212, 0.9755200141174554, -1.9957270859557799, 2.99504165156174], "COSMOS-1413": [1.0252176117947376, 0.8800954045424829, -1.9976442426133345, 2.996107851461857], "CDFS7Ms-412": [1.078007649224796, 1.4199627290857764, -1.999935772668047, 3.0039066954063163], "CDFN-631": [1.0355045911158327, 0.6336213464958675, -2.0019600447027686, 3.001453427216517], "CDFS7Ms-468": [1.06434511095295, 1.3431633741569775, -1.9977987380940172, 2.9975454145500158], "AEGIS-aegis_922": [0.9928414591087115, 0.9649971439408338, -1.9970719525093328, 2.9962625507738148], "CDFS7Ms-447": [1.0834877883661873, 1.338362529386735, -1.9991735673544353, 2.998033086063745], "AEGIS-aegis_513": [1.220962801508456, 0.9760751916402253, -2.0038427444980367, 3.0014745239181293], "CDFN-497": [1.166312435936894, 1.278994053281644, -1.9968438817836531, 2.994470237194707], "CDFN-500": [1.1536842218660959, 1.5884020280122932, -1.9977948921555002, 3.0009552714156573], "CDFS7Ms-008": [1.194794570105933, 2.068211082088843, -2.001643692303629, 2.6939446227568484], "CDFN-209": [0.9739784538290392, 0.8950613550769995, -1.9977744285162247, 2.9974008942811885], "AEGIS-aegis_490": [1.021430229022105, 1.1949661590557077, -1.9990351558174742, 2.996774959668239], "CDFN-505": [1.0458243171115245, 0.8571400106230684, -1.998403613438756, 2.995202922473215], "CDFN-251": [163.5567424633545, 0.9164571150576405, -55.13956782252549, 56.139456413325156], "CDFS7Ms-048": [1.5908163479654878, 1.3224212683315675, -2.053665859381693, 3.0536133340045435], "COSMOS-1592": [1.1755619554479533, 1.1214247471773686, -2.001234907936178, 3.0014314577682466], "COSMOS-1432": [1.0325069062953016, 1.1454415021842985, -1.9955512607817942, 2.9950003686332183], "CDFS7Ms-414": [1.054877255519524, 1.332592615536746, -1.9995939271820036, 3.0022042577562047], "AEGIS-aegis_729": [0.9859727082164609, 1.2218146429351948, -1.999907174818538, 3.0003302610859475], "AEGIS-aegis_625": [0.9978590511781047, 1.0603404944059973, -1.9993746767542628, 2.999564350429236], "COSMOS-1499": [1.1246737994483995, 0.9402223093497224, -1.9995987218438134, 2.9981958443665047], "AEGIS-aegis_309": [1.1087049088907381, 0.7890538010559832, -2.000382498918821, 2.999239151332668], "AEGIS-aegis_358": [1.0577434754642558, 1.1540276215037026, -1.9980986617860461, 2.996063255371949], "CDFS7Ms-420": [1.0225941562284682, 1.0018325189855668, -1.9983863259755477, 2.9968251537538024], "AEGIS-aegis_276": [1.1336700106899347, 0.9464701022513979, -1.9964377387805876, 2.9959061213095604], "CDFN-123": [1.174492013099792, 0.9000292951315058, -2.0008136497721205, 3.000409019507155], "AEGIS-aegis_284": [0.9661472304746488, 1.0075221060507666, -1.9951793046109947, 2.990430628808226], "AEGIS-aegis_423": [1.0688341962677304, 1.3060749319821765, -1.9975711992845278, 2.99238706950733], "CDFN-338": [1.0861465062855344, 1.626314111616173, -1.9997625779359023, 3.0068843236058305], "COSMOS-1410": [1.0762233492349091, 1.059439618111449, -1.9997451355536584, 2.9937458514837023], "COSMOS-1609": [1.0545689390675728, 1.164380916645747, -1.9962937080147944, 2.9932054458062822], "AEGIS-aegis_367": [1.0726753299926874, 0.9725384720478556, -1.9976976161717488, 2.997221319702976], "CDFN-142": [1.057058708125628, 0.6376087987350696, -1.9987891791064738, 2.9980733331354634], "CDFN-171": [1.2612717134944962, 0.8840759078883632, -2.0017879482057124, 3.0009781814444456], "CDFN-331": [1.0750212385265723, 1.3971923621385238, -1.9987561843416084, 3.006256563815795], "CDFS7Ms-475": [1.1736932490986172, 1.4531561259717192, -2.0001890901976376, 3.009144916237754], "AEGIS-aegis_848": [1.0915539124486275, 1.3807569618404547, -1.9948297738627867, 3.0025574383319933], "COSMOS-1409": [1.0448112925689492, 1.2183588903634293, -1.9987330551880866, 2.9901885730677256], "CDFN-196": [0.968765407596512, 0.9843330009123136, -1.9990148900244342, 2.9962809095694265], "COSMOS-1511": [1.1498860809323075, 1.0679146430005424, -1.999999967653921, 2.9893338710511044], "CDFN-287": [0.9706147001496562, 0.6328519907264688, -1.9971226973474665, 2.9969713562855915], "AEGIS-aegis_400": [1.039773348671944, 0.9781091052960216, -1.9992593715355227, 2.9980813822906818], "AEGIS-aegis_732": [1.1580281666187022, 1.0034213684739692, -2.001863115552891, 3.0015055258640437], "CDFN-411": [1.1925563924630593, 1.4406395339203764, -2.0000335699343363, 2.9790081634673533], "CDFN-205": [1.0873387887654724, 0.9557508870803235, -1.9959237694053993, 2.993469126450865], "COSMOS-1451": [1.0327642356134237, 1.0962371549468855, -1.990517441964608, 2.9900580387884252], "CDFS7Ms-424": [1.0899006966816913, 1.2112549470050196, -2.000049471172684, 2.999162980225395], "CDFS7Ms-089": [1.4931999113593153, 1.584540118233914, -2.024763671199696, 3.015336835443116], "AEGIS-aegis_784": [1.188692046150638, 0.9804318820679554, -2.001419763027057, 3.0013313214411648], "AEGIS-aegis_215": [1.1592873858943948, 1.1129095700290303, -2.0007530675581497, 3.0000761048111917], "COSMOS-1581": [0.9811643190031147, 1.2065071386461717, -1.9981656842216295, 2.9978285385003116], "AEGIS-aegis_734": [1.239943412315829, 0.988053556350242, -1.9935359344021388, 2.9927656146257986], "COSMOS-1532": [1.0805931652345433, 1.045881468760476, -1.9973828653239425, 2.9913318601019236], "CDFN-358": [1.007431542834487, 1.6064426938758491, -1.9996494562635077, 2.9863927124057703], "AEGIS-aegis_761": [1.023573716852182, 1.1211169974513795, -1.999396621309518, 2.9933919322753093], "CDFN-166": [1.0200534522422975, 1.0648104129502942, -1.9989948422257835, 2.994544935624544], "COSMOS-1498": [1.052410827133123, 1.2154567394797005, -1.9957054730415162, 2.9961459999173123], "COSMOS-1494": [1.1264506697536993, 1.1947911806942895, -1.9999777796560658, 2.9986757239493382], "CDFN-614": [1.0476810956145237, 0.8109651099534818, -1.9978137801625895, 2.9973715988127063], "AEGIS-aegis_203": [1.1400396341608, 2.5591726864677398, -1.9989157644150823, 3.2553580495621506], "COSMOS-1513": [1.0310488929103663, 1.0153173927448305, -1.9987025968954735, 2.995531089325823], "CDFN-102": [1.0552078280675234, 1.202697839987274, -1.995107526960042, 2.9990680008385544],